AC Schnitzer,AC Schnitzer M3,1,https://car.autohome.com.cn/price/series-3895.html
AC Schnitzer,AC Schnitzer X5,1,https://car.autohome.com.cn/price/series-2097.html
ALPINA,ALPINA B4,1,https://car.autohome.com.cn/price/series-4212.html
阿尔法・罗密欧,Giulia,10,https://car.autohome.com.cn/price/series-3825.html
阿尔法・罗密欧,Stelvio,4,https://car.autohome.com.cn/price/series-4196.html
阿尔法・罗密欧,ALFA 156 (停售),1,https://car.autohome.com.cn/price/series-179.html
阿尔法・罗密欧,ALFA GT (停售),1,https://car.autohome.com.cn/price/series-401.html
阿斯顿・马丁,Rapide,9,https://car.autohome.com.cn/price/series-923.html
阿斯顿・马丁,V8 Vantage,17,https://car.autohome.com.cn/price/series-385.html
阿斯顿・马丁,V12 Vantage,6,https://car.autohome.com.cn/price/series-822.html
阿斯顿・马丁,阿斯顿・马丁DB9,16,https://car.autohome.com.cn/price/series-266.html
阿斯顿・马丁,Vanquish,7,https://car.autohome.com.cn/price/series-386.html
阿斯顿・马丁,阿斯顿・马丁DB11,10,https://car.autohome.com.cn/price/series-3891.html
阿斯顿・马丁,阿斯顿・马丁DBS,5,https://car.autohome.com.cn/price/series-582.html
阿斯顿・马丁,Virage,2,https://car.autohome.com.cn/price/series-2275.html
阿斯顿・马丁,拉共达Taraf (停售),1,https://car.autohome.com.cn/price/series-884.html
阿斯顿・马丁,V12 Zagato (停售),1,https://car.autohome.com.cn/price/series-2846.html
奥迪,奥迪A3,80,https://car.autohome.com.cn/price/series-3170.html
奥迪,奥迪A4L,93,https://car.autohome.com.cn/price/series-692.html
奥迪,奥迪A6L,108,https://car.autohome.com.cn/price/series-18.html
奥迪,奥迪A6L新能源,1,https://car.autohome.com.cn/price/series-4526.html
奥迪,奥迪Q2L,5,https://car.autohome.com.cn/price/series-4871.html
奥迪,奥迪Q3,53,https://car.autohome.com.cn/price/series-2951.html
奥迪,奥迪Q5L,6,https://car.autohome.com.cn/price/series-4851.html
奥迪,奥迪Q5,46,https://car.autohome.com.cn/price/series-812.html
奥迪,奥迪A4 (停售),45,https://car.autohome.com.cn/price/series-19.html
奥迪,奥迪A6 (停售),12,https://car.autohome.com.cn/price/series-509.html
奥迪,奥迪RS 4,1,https://car.autohome.com.cn/price/series-2733.html
奥迪,奥迪RS 3,1,https://car.autohome.com.cn/price/series-2731.html
奥迪,奥迪RS 6,2,https://car.autohome.com.cn/price/series-2737.html
奥迪,奥迪RS 7,3,https://car.autohome.com.cn/price/series-2994.html
奥迪,奥迪R8,12,https://car.autohome.com.cn/price/series-511.html
奥迪,奥迪TT RS,1,https://car.autohome.com.cn/price/series-2741.html
奥迪,奥迪RS 5,3,https://car.autohome.com.cn/price/series-2735.html
奥迪,奥迪A1,19,https://car.autohome.com.cn/price/series-650.html
奥迪,奥迪A3(进口),22,https://car.autohome.com.cn/price/series-370.html
奥迪,奥迪A3新能源(进口),3,https://car.autohome.com.cn/price/series-4325.html
奥迪,奥迪S3,4,https://car.autohome.com.cn/price/series-2730.html
奥迪,奥迪A4(进口),8,https://car.autohome.com.cn/price/series-471.html
奥迪,奥迪A5,71,https://car.autohome.com.cn/price/series-538.html
奥迪,奥迪S4,1,https://car.autohome.com.cn/price/series-2732.html
奥迪,奥迪S5,13,https://car.autohome.com.cn/price/series-2734.html
奥迪,奥迪A6(进口),10,https://car.autohome.com.cn/price/series-472.html
奥迪,奥迪S6,4,https://car.autohome.com.cn/price/series-2736.html
奥迪,奥迪A7,29,https://car.autohome.com.cn/price/series-740.html
奥迪,奥迪S7,3,https://car.autohome.com.cn/price/series-2738.html
奥迪,奥迪A8,95,https://car.autohome.com.cn/price/series-146.html
奥迪,奥迪Q7,72,https://car.autohome.com.cn/price/series-412.html
奥迪,奥迪Q7新能源,1,https://car.autohome.com.cn/price/series-4460.html
奥迪,奥迪TT,38,https://car.autohome.com.cn/price/series-148.html
奥迪,奥迪TTS,10,https://car.autohome.com.cn/price/series-2740.html
奥迪,奥迪Q5(进口),8,https://car.autohome.com.cn/price/series-593.html
奥迪,奥迪S8,6,https://car.autohome.com.cn/price/series-2739.html
奥迪,奥迪Q3(进口),4,https://car.autohome.com.cn/price/series-2264.html
奥迪,奥迪SQ5,2,https://car.autohome.com.cn/price/series-2841.html
巴博斯,巴博斯 smart forfour,1,https://car.autohome.com.cn/price/series-4261.html
巴博斯,巴博斯 smart fortwo,6,https://car.autohome.com.cn/price/series-2683.html
巴博斯,巴博斯 SLK级,1,https://car.autohome.com.cn/price/series-2446.html
巴博斯,巴博斯 CLS级,1,https://car.autohome.com.cn/price/series-2447.html
巴博斯,巴博斯 S级,6,https://car.autohome.com.cn/price/series-2444.html
巴博斯,巴博斯 M级,1,https://car.autohome.com.cn/price/series-2575.html
宝骏,宝骏E100,4,https://car.autohome.com.cn/price/series-3993.html
宝骏,宝骏E200,2,https://car.autohome.com.cn/price/series-4890.html
宝骏,宝骏310,10,https://car.autohome.com.cn/price/series-4077.html
宝骏,宝骏310W,6,https://car.autohome.com.cn/price/series-4392.html
宝骏,宝骏510,10,https://car.autohome.com.cn/price/series-4166.html
宝骏,宝骏530,8,https://car.autohome.com.cn/price/series-4587.html
宝骏,宝骏360,5,https://car.autohome.com.cn/price/series-4606.html
宝骏,宝骏730,37,https://car.autohome.com.cn/price/series-3412.html
宝骏,宝骏560,22,https://car.autohome.com.cn/price/series-3677.html
宝骏,乐驰 (停售),41,https://car.autohome.com.cn/price/series-155.html
宝骏,宝骏330 (停售),2,https://car.autohome.com.cn/price/series-3774.html
宝骏,宝骏610 (停售),8,https://car.autohome.com.cn/price/series-3343.html
宝骏,宝骏630 (停售),31,https://car.autohome.com.cn/price/series-2236.html
宝马,宝马1系,10,https://car.autohome.com.cn/price/series-4171.html
宝马,宝马2系旅行车,9,https://car.autohome.com.cn/price/series-3941.html
宝马,宝马3系,144,https://car.autohome.com.cn/price/series-66.html
宝马,宝马5系,119,https://car.autohome.com.cn/price/series-65.html
宝马,宝马5系新能源,4,https://car.autohome.com.cn/price/series-4350.html
宝马,宝马X1,47,https://car.autohome.com.cn/price/series-2561.html
宝马,宝马X1新能源,3,https://car.autohome.com.cn/price/series-4356.html
宝马,宝马X3,6,https://car.autohome.com.cn/price/series-4658.html
宝马,宝马i3,8,https://car.autohome.com.cn/price/series-2388.html
宝马,宝马1系(进口),37,https://car.autohome.com.cn/price/series-373.html
宝马,宝马3系GT,27,https://car.autohome.com.cn/price/series-2963.html
宝马,宝马4系,67,https://car.autohome.com.cn/price/series-2968.html
宝马,宝马5系(进口),31,https://car.autohome.com.cn/price/series-202.html
宝马,宝马6系,37,https://car.autohome.com.cn/price/series-270.html
宝马,宝马6系GT,3,https://car.autohome.com.cn/price/series-4472.html
宝马,宝马7系,67,https://car.autohome.com.cn/price/series-153.html
宝马,宝马7系新能源,5,https://car.autohome.com.cn/price/series-4345.html
宝马,宝马X2,5,https://car.autohome.com.cn/price/series-3386.html
宝马,宝马X4,10,https://car.autohome.com.cn/price/series-3053.html
宝马,宝马X5,51,https://car.autohome.com.cn/price/series-159.html
宝马,宝马X5新能源,2,https://car.autohome.com.cn/price/series-4348.html
宝马,宝马X6,28,https://car.autohome.com.cn/price/series-587.html
宝马,宝马2系多功能旅行车,4,https://car.autohome.com.cn/price/series-3726.html
宝马,宝马2系,20,https://car.autohome.com.cn/price/series-3230.html
宝马,宝马i8,3,https://car.autohome.com.cn/price/series-2387.html
宝马,宝马X3(进口),32,https://car.autohome.com.cn/price/series-271.html
宝马,宝马Z4,22,https://car.autohome.com.cn/price/series-161.html
宝马,宝马2系旅行车(进口),3,https://car.autohome.com.cn/price/series-3302.html
宝马,宝马3系(进口),60,https://car.autohome.com.cn/price/series-317.html
宝马,宝马X1(进口),6,https://car.autohome.com.cn/price/series-675.html
宝马,宝马5系GT (停售),24,https://car.autohome.com.cn/price/series-2847.html
宝马,宝马M3,14,https://car.autohome.com.cn/price/series-2196.html
宝马,宝马M4,15,https://car.autohome.com.cn/price/series-3189.html
宝马,宝马M5,5,https://car.autohome.com.cn/price/series-2726.html
宝马,宝马M6,7,https://car.autohome.com.cn/price/series-2727.html
宝马,宝马X5 M,3,https://car.autohome.com.cn/price/series-2728.html
宝马,宝马X6 M,3,https://car.autohome.com.cn/price/series-2729.html
宝马,宝马M2,3,https://car.autohome.com.cn/price/series-3357.html
宝马,宝马1系M (停售),1,https://car.autohome.com.cn/price/series-2725.html
宝沃,宝沃BX5,24,https://car.autohome.com.cn/price/series-4046.html
宝沃,宝沃BX6,2,https://car.autohome.com.cn/price/series-4520.html
宝沃,宝沃BX7,29,https://car.autohome.com.cn/price/series-3913.html
宝沃,宝沃BXi7,2,https://car.autohome.com.cn/price/series-4403.html
保时捷,Panamera,37,https://car.autohome.com.cn/price/series-703.html
保时捷,Panamera新能源,6,https://car.autohome.com.cn/price/series-4322.html
保时捷,Macan,12,https://car.autohome.com.cn/price/series-2838.html
保时捷,Cayenne,33,https://car.autohome.com.cn/price/series-172.html
保时捷,保时捷718,10,https://car.autohome.com.cn/price/series-4175.html
保时捷,保时捷911,108,https://car.autohome.com.cn/price/series-162.html
保时捷,Cayenne新能源,2,https://car.autohome.com.cn/price/series-4324.html
保时捷,918 Spyder (停售),2,https://car.autohome.com.cn/price/series-2073.html
保时捷,Boxster (停售),14,https://car.autohome.com.cn/price/series-168.html
保时捷,Cayman (停售),13,https://car.autohome.com.cn/price/series-415.html
北京,北京(BJ)20,12,https://car.autohome.com.cn/price/series-3800.html
北京,北京BJ40,25,https://car.autohome.com.cn/price/series-623.html
北京,北京BJ80,8,https://car.autohome.com.cn/price/series-2852.html
北京,北京汽车E系列 (停售),17,https://car.autohome.com.cn/price/series-2252.html
北京清行,清行400,2,https://car.autohome.com.cn/price/series-4861.html
北汽昌河,北斗星X5E,2,https://car.autohome.com.cn/price/series-4488.html
北汽昌河,昌河北斗星,3,https://car.autohome.com.cn/price/series-4689.html
北汽昌河,北汽昌河A6,6,https://car.autohome.com.cn/price/series-4506.html
北汽昌河,北汽昌河Q25,9,https://car.autohome.com.cn/price/series-3922.html
北汽昌河,北汽昌河Q35,13,https://car.autohome.com.cn/price/series-3980.html
北汽昌河,北汽昌河Q7,10,https://car.autohome.com.cn/price/series-4599.html
北汽昌河,北汽昌河M70,5,https://car.autohome.com.cn/price/series-4208.html
北汽昌河,北汽昌河M50,28,https://car.autohome.com.cn/price/series-3640.html
北汽昌河,福瑞达K21,8,https://car.autohome.com.cn/price/series-4141.html
北汽昌河,福瑞达K22,8,https://car.autohome.com.cn/price/series-4142.html
北汽昌河,爱迪尔 (停售),10,https://car.autohome.com.cn/price/series-76.html
北汽昌河,福瑞达 (停售),37,https://car.autohome.com.cn/price/series-2478.html
北汽昌河,福运 (停售),2,https://car.autohome.com.cn/price/series-3058.html
北汽道达,道达V8,3,https://car.autohome.com.cn/price/series-4511.html
北汽幻速,北汽幻速S2,20,https://car.autohome.com.cn/price/series-3284.html
北汽幻速,北汽幻速S3,24,https://car.autohome.com.cn/price/series-3361.html
北汽幻速,北汽幻速S5,8,https://car.autohome.com.cn/price/series-4276.html
北汽幻速,北汽幻速S6,15,https://car.autohome.com.cn/price/series-3426.html
北汽幻速,北汽幻速S7,7,https://car.autohome.com.cn/price/series-4502.html
北汽幻速,北汽幻速H3,7,https://car.autohome.com.cn/price/series-3874.html
北汽幻速,北汽幻速H5,2,https://car.autohome.com.cn/price/series-4310.html
北汽幻速,北汽幻速H2,8,https://car.autohome.com.cn/price/series-3661.html
北汽幻速,北汽幻速H2V,2,https://car.autohome.com.cn/price/series-4137.html
北汽幻速,北汽幻速H6,6,https://car.autohome.com.cn/price/series-3714.html
北汽绅宝,绅宝智道,1,https://car.autohome.com.cn/price/series-4987.html
北汽绅宝,绅宝D50,25,https://car.autohome.com.cn/price/series-2791.html
北汽绅宝,绅宝D70,11,https://car.autohome.com.cn/price/series-2787.html
北汽绅宝,绅宝X25,7,https://car.autohome.com.cn/price/series-3839.html
北汽绅宝,绅宝X35,6,https://car.autohome.com.cn/price/series-3928.html
北汽绅宝,绅宝X65,6,https://car.autohome.com.cn/price/series-3417.html
北汽绅宝,绅宝智行,6,https://car.autohome.com.cn/price/series-4923.html
北汽绅宝,绅宝X55,8,https://car.autohome.com.cn/price/series-3795.html
北汽绅宝,绅宝D20 (停售),21,https://car.autohome.com.cn/price/series-3557.html
北汽绅宝,绅宝CC (停售),5,https://car.autohome.com.cn/price/series-3794.html
北汽绅宝,绅宝D60 (停售),5,https://car.autohome.com.cn/price/series-3427.html
北汽绅宝,绅宝D80 (停售),3,https://car.autohome.com.cn/price/series-3673.html
北汽威旺,北汽威旺S50,12,https://car.autohome.com.cn/price/series-4009.html
北汽威旺,北汽威旺M50F,7,https://car.autohome.com.cn/price/series-4154.html
北汽威旺,北汽威旺M60,4,https://car.autohome.com.cn/price/series-4553.html
北汽威旺,北汽威旺306,38,https://car.autohome.com.cn/price/series-2482.html
北汽威旺,北汽威旺M20,23,https://car.autohome.com.cn/price/series-3191.html
北汽威旺,北汽威旺M30,9,https://car.autohome.com.cn/price/series-3916.html
北汽威旺,北汽威旺307,21,https://car.autohome.com.cn/price/series-3231.html
北汽威旺,北汽威旺205 (停售),9,https://car.autohome.com.cn/price/series-2943.html
北汽威旺,北汽威旺M35 (停售),4,https://car.autohome.com.cn/price/series-4061.html
北汽威旺,北汽威旺T205-D (停售),3,https://car.autohome.com.cn/price/series-3428.html
北汽威旺,北汽007 (停售),4,https://car.autohome.com.cn/price/series-3712.html
北汽新能源,EC系列,6,https://car.autohome.com.cn/price/series-4264.html
北汽新能源,EU系列,10,https://car.autohome.com.cn/price/series-3884.html
北汽新能源,EX系列,7,https://car.autohome.com.cn/price/series-4015.html
北汽新能源,EV系列,11,https://car.autohome.com.cn/price/series-3533.html
北汽新能源,EH系列,2,https://car.autohome.com.cn/price/series-4104.html
北汽新能源,北汽新能源ES210 (停售),1,https://car.autohome.com.cn/price/series-3537.html
北汽制造,战旗,19,https://car.autohome.com.cn/price/series-965.html
北汽制造,BJ 212,12,https://car.autohome.com.cn/price/series-3035.html
北汽制造,北京BW007,10,https://car.autohome.com.cn/price/series-2126.html
北汽制造,勇士,16,https://car.autohome.com.cn/price/series-622.html
北汽制造,陆霸,3,https://car.autohome.com.cn/price/series-966.html
北汽制造,越铃,7,https://car.autohome.com.cn/price/series-2960.html
北汽制造,锐铃,14,https://car.autohome.com.cn/price/series-2915.html
北汽制造,勇士皮卡,13,https://car.autohome.com.cn/price/series-4586.html
北汽制造,战旗皮卡,9,https://car.autohome.com.cn/price/series-3221.html
北汽制造,骑士S12 (停售),5,https://car.autohome.com.cn/price/series-852.html
北汽制造,陆铃 (停售),1,https://car.autohome.com.cn/price/series-2959.html
奔驰,奔驰A级,5,https://car.autohome.com.cn/price/series-4764.html
奔驰,奔驰C级,101,https://car.autohome.com.cn/price/series-588.html
奔驰,奔驰E级,123,https://car.autohome.com.cn/price/series-197.html
奔驰,奔驰GLA,21,https://car.autohome.com.cn/price/series-3248.html
奔驰,奔驰GLC,27,https://car.autohome.com.cn/price/series-3862.html
奔驰,奔驰C级新能源 (停售),2,https://car.autohome.com.cn/price/series-4349.html
奔驰,奔驰GLK级 (停售),15,https://car.autohome.com.cn/price/series-2562.html
奔驰,奔驰V级,11,https://car.autohome.com.cn/price/series-3823.html
奔驰,威霆,17,https://car.autohome.com.cn/price/series-2084.html
奔驰,凌特,14,https://car.autohome.com.cn/price/series-2564.html
奔驰,唯雅诺 (停售),17,https://car.autohome.com.cn/price/series-2034.html
奔驰,奔驰A级(进口),32,https://car.autohome.com.cn/price/series-52.html
奔驰,奔驰B级,28,https://car.autohome.com.cn/price/series-398.html
奔驰,奔驰CLA级,33,https://car.autohome.com.cn/price/series-2966.html
奔驰,奔驰C级(进口),43,https://car.autohome.com.cn/price/series-56.html
奔驰,奔驰E级(进口),50,https://car.autohome.com.cn/price/series-450.html
奔驰,奔驰CLS级,28,https://car.autohome.com.cn/price/series-365.html
奔驰,奔驰S级,75,https://car.autohome.com.cn/price/series-59.html
奔驰,奔驰GLC(进口),9,https://car.autohome.com.cn/price/series-3339.html
奔驰,奔驰GLE,31,https://car.autohome.com.cn/price/series-3683.html
奔驰,奔驰G级,12,https://car.autohome.com.cn/price/series-60.html
奔驰,奔驰GLS,19,https://car.autohome.com.cn/price/series-3688.html
奔驰,奔驰R级,25,https://car.autohome.com.cn/price/series-469.html
奔驰,奔驰SLC级,6,https://car.autohome.com.cn/price/series-3278.html
奔驰,奔驰SL级,16,https://car.autohome.com.cn/price/series-237.html
奔驰,奔驰S级新能源,2,https://car.autohome.com.cn/price/series-4344.html
奔驰,奔驰GLE新能源,2,https://car.autohome.com.cn/price/series-4346.html
奔驰,奔驰GLA(进口),3,https://car.autohome.com.cn/price/series-3079.html
奔驰,Sprinter,1,https://car.autohome.com.cn/price/series-2005.html
奔驰,威霆(进口),4,https://car.autohome.com.cn/price/series-192.html
奔驰,奔驰GLK级(进口) (停售),7,https://car.autohome.com.cn/price/series-595.html
奔驰,奔驰M级 (停售),25,https://car.autohome.com.cn/price/series-57.html
奔驰,奔驰GL级 (停售),13,https://car.autohome.com.cn/price/series-467.html
奔驰,唯雅诺(进口) (停售),6,https://car.autohome.com.cn/price/series-300.html
奔驰,奔驰CLK级 (停售),8,https://car.autohome.com.cn/price/series-235.html
奔驰,奔驰CL级 (停售),1,https://car.autohome.com.cn/price/series-683.html
奔驰,奔驰SLK级 (停售),19,https://car.autohome.com.cn/price/series-267.html
奔驰,奔驰A级AMG,7,https://car.autohome.com.cn/price/series-2842.html
奔驰,奔驰CLA级AMG,6,https://car.autohome.com.cn/price/series-2967.html
奔驰,奔驰C级AMG,18,https://car.autohome.com.cn/price/series-2717.html
奔驰,奔驰E级AMG,3,https://car.autohome.com.cn/price/series-2718.html
奔驰,奔驰S级AMG,11,https://car.autohome.com.cn/price/series-2197.html
奔驰,奔驰GLA AMG,5,https://car.autohome.com.cn/price/series-3264.html
奔驰,奔驰GLC AMG,8,https://car.autohome.com.cn/price/series-4074.html
奔驰,奔驰GLE AMG,6,https://car.autohome.com.cn/price/series-3704.html
奔驰,奔驰G级AMG,11,https://car.autohome.com.cn/price/series-2723.html
奔驰,奔驰GLS AMG,2,https://car.autohome.com.cn/price/series-3901.html
奔驰,AMG GT,7,https://car.autohome.com.cn/price/series-3451.html
奔驰,奔驰CLS级AMG,5,https://car.autohome.com.cn/price/series-2719.html
奔驰,奔驰SLK级AMG,2,https://car.autohome.com.cn/price/series-2721.html
奔驰,奔驰SL级AMG,2,https://car.autohome.com.cn/price/series-2720.html
奔驰,奔驰M级AMG (停售),5,https://car.autohome.com.cn/price/series-2722.html
奔驰,奔驰GL级AMG (停售),2,https://car.autohome.com.cn/price/series-2833.html
奔驰,奔驰SLS级AMG (停售),3,https://car.autohome.com.cn/price/series-914.html
奔驰,迈巴赫S级,13,https://car.autohome.com.cn/price/series-3665.html
奔腾,奔腾T77,7,https://car.autohome.com.cn/price/series-4800.html
奔腾,奔腾B30,17,https://car.autohome.com.cn/price/series-3695.html
奔腾,奔腾B30EV,2,https://car.autohome.com.cn/price/series-4584.html
奔腾,奔腾B50,44,https://car.autohome.com.cn/price/series-632.html
奔腾,奔腾B70,67,https://car.autohome.com.cn/price/series-466.html
奔腾,奔腾B90,23,https://car.autohome.com.cn/price/series-2310.html
奔腾,奔腾X40,28,https://car.autohome.com.cn/price/series-4069.html
奔腾,奔腾X40新能源,2,https://car.autohome.com.cn/price/series-4950.html
奔腾,奔腾X80,37,https://car.autohome.com.cn/price/series-3000.html
本田,杰德,19,https://car.autohome.com.cn/price/series-3104.html
本田,思域,46,https://car.autohome.com.cn/price/series-135.html
本田,哥瑞,5,https://car.autohome.com.cn/price/series-3859.html
本田,竞瑞,5,https://car.autohome.com.cn/price/series-4179.html
本田,INSPIRE,14,https://car.autohome.com.cn/price/series-4809.html
本田,思铂睿,23,https://car.autohome.com.cn/price/series-859.html
本田,本田XR-V,10,https://car.autohome.com.cn/price/series-3582.html
本田,本田CR-V,71,https://car.autohome.com.cn/price/series-314.html
本田,本田UR-V,5,https://car.autohome.com.cn/price/series-4304.html
本田,艾力绅,13,https://car.autohome.com.cn/price/series-2565.html
本田,飞度,40,https://car.autohome.com.cn/price/series-81.html
本田,锋范,19,https://car.autohome.com.cn/price/series-3876.html
本田,凌派,24,https://car.autohome.com.cn/price/series-3085.html
本田,雅阁,106,https://car.autohome.com.cn/price/series-78.html
本田,缤智,15,https://car.autohome.com.cn/price/series-3460.html
本田,冠道,9,https://car.autohome.com.cn/price/series-4102.html
本田,奥德赛,58,https://car.autohome.com.cn/price/series-880.html
本田,锋范经典 (停售),16,https://car.autohome.com.cn/price/series-694.html
本田,思迪 (停售),10,https://car.autohome.com.cn/price/series-449.html
本田,歌诗图 (停售),12,https://car.autohome.com.cn/price/series-2168.html
本田,飞度(进口),1,https://car.autohome.com.cn/price/series-900.html
本田,INSIGHT,1,https://car.autohome.com.cn/price/series-723.html
本田,里程,1,https://car.autohome.com.cn/price/series-231.html
本田,本田CR-Z,1,https://car.autohome.com.cn/price/series-897.html
本田,时韵 (停售),1,https://car.autohome.com.cn/price/series-233.html
比速汽车,比速T3,6,https://car.autohome.com.cn/price/series-4164.html
比速汽车,比速T5,7,https://car.autohome.com.cn/price/series-4298.html
比速汽车,比速M3,7,https://car.autohome.com.cn/price/series-4173.html
比亚迪,比亚迪F0,24,https://car.autohome.com.cn/price/series-579.html
比亚迪,比亚迪e5,8,https://car.autohome.com.cn/price/series-4073.html
比亚迪,比亚迪F3,55,https://car.autohome.com.cn/price/series-407.html
比亚迪,秦,18,https://car.autohome.com.cn/price/series-2761.html
比亚迪,秦Pro,6,https://car.autohome.com.cn/price/series-4900.html
比亚迪,秦Pro新能源,12,https://car.autohome.com.cn/price/series-4972.html
比亚迪,速锐,36,https://car.autohome.com.cn/price/series-2806.html
比亚迪,元,21,https://car.autohome.com.cn/price/series-3781.html
比亚迪,元新能源,7,https://car.autohome.com.cn/price/series-4353.html
比亚迪,宋,41,https://car.autohome.com.cn/price/series-3780.html
比亚迪,宋新能源,15,https://car.autohome.com.cn/price/series-4394.html
比亚迪,比亚迪S7,23,https://car.autohome.com.cn/price/series-3059.html
比亚迪,唐,5,https://car.autohome.com.cn/price/series-4802.html
比亚迪,唐新能源,12,https://car.autohome.com.cn/price/series-3430.html
比亚迪,比亚迪e6,8,https://car.autohome.com.cn/price/series-831.html
比亚迪,比亚迪M6,19,https://car.autohome.com.cn/price/series-798.html
比亚迪,宋MAX,15,https://car.autohome.com.cn/price/series-4279.html
比亚迪,比亚迪G5,6,https://car.autohome.com.cn/price/series-3283.html
比亚迪,福莱尔 (停售),11,https://car.autohome.com.cn/price/series-417.html
比亚迪,比亚迪F3R (停售),16,https://car.autohome.com.cn/price/series-940.html
比亚迪,比亚迪F3新能源 (停售),2,https://car.autohome.com.cn/price/series-4333.html
比亚迪,比亚迪G3 (停售),15,https://car.autohome.com.cn/price/series-927.html
比亚迪,比亚迪G3R (停售),2,https://car.autohome.com.cn/price/series-997.html
比亚迪,比亚迪L3 (停售),18,https://car.autohome.com.cn/price/series-2085.html
比亚迪,比亚迪F6 (停售),21,https://car.autohome.com.cn/price/series-540.html
比亚迪,比亚迪G6 (停售),16,https://car.autohome.com.cn/price/series-2091.html
比亚迪,思锐 (停售),7,https://car.autohome.com.cn/price/series-2944.html
比亚迪,比亚迪S6 (停售),42,https://car.autohome.com.cn/price/series-2088.html
比亚迪,比亚迪S8 (停售),4,https://car.autohome.com.cn/price/series-489.html
标致,标致301,17,https://car.autohome.com.cn/price/series-3068.html
标致,标致308,39,https://car.autohome.com.cn/price/series-877.html
标致,标致308S,7,https://car.autohome.com.cn/price/series-3632.html
标致,标致408,60,https://car.autohome.com.cn/price/series-987.html
标致,标致2008,22,https://car.autohome.com.cn/price/series-3234.html
标致,标致3008,33,https://car.autohome.com.cn/price/series-2619.html
标致,标致4008,18,https://car.autohome.com.cn/price/series-4167.html
标致,标致5008,16,https://car.autohome.com.cn/price/series-4271.html
标致,标致508,30,https://car.autohome.com.cn/price/series-2299.html
标致,标致206 (停售),17,https://car.autohome.com.cn/price/series-437.html
标致,标致207 (停售),43,https://car.autohome.com.cn/price/series-688.html
标致,标致307 (停售),72,https://car.autohome.com.cn/price/series-99.html
标致,标致308(进口),11,https://car.autohome.com.cn/price/series-689.html
标致,标致3008(进口),2,https://car.autohome.com.cn/price/series-724.html
标致,标致RCZ,6,https://car.autohome.com.cn/price/series-2047.html
标致,标致206(进口) (停售),2,https://car.autohome.com.cn/price/series-184.html
标致,标致207(进口) (停售),7,https://car.autohome.com.cn/price/series-640.html
标致,标致307(进口) (停售),5,https://car.autohome.com.cn/price/series-277.html
标致,标致407 (停售),15,https://car.autohome.com.cn/price/series-185.html
标致,标致607 (停售),3,https://car.autohome.com.cn/price/series-186.html
标致,标致4008(进口) (停售),9,https://car.autohome.com.cn/price/series-2472.html
别克,VELITE 5,2,https://car.autohome.com.cn/price/series-4239.html
别克,凯越,54,https://car.autohome.com.cn/price/series-875.html
别克,威朗,36,https://car.autohome.com.cn/price/series-3751.html
别克,英朗,80,https://car.autohome.com.cn/price/series-982.html
别克,阅朗,6,https://car.autohome.com.cn/price/series-4552.html
别克,君威,68,https://car.autohome.com.cn/price/series-164.html
别克,君越,73,https://car.autohome.com.cn/price/series-834.html
别克,昂科拉,29,https://car.autohome.com.cn/price/series-2896.html
别克,昂科威,33,https://car.autohome.com.cn/price/series-3554.html
别克,别克GL6,10,https://car.autohome.com.cn/price/series-4487.html
别克,别克GL8,46,https://car.autohome.com.cn/price/series-166.html
别克,林荫大道 (停售),13,https://car.autohome.com.cn/price/series-525.html
别克,荣御 (停售),4,https://car.autohome.com.cn/price/series-344.html
别克,昂科雷,9,https://car.autohome.com.cn/price/series-592.html
宾利,慕尚,11,https://car.autohome.com.cn/price/series-901.html
宾利,飞驰,21,https://car.autohome.com.cn/price/series-3014.html
宾利,添越,5,https://car.autohome.com.cn/price/series-2685.html
宾利,欧陆,45,https://car.autohome.com.cn/price/series-305.html
宾利,雅致 (停售),3,https://car.autohome.com.cn/price/series-306.html
布加迪,威航,3,https://car.autohome.com.cn/price/series-390.html
长安,奔奔,21,https://car.autohome.com.cn/price/series-3217.html
长安,奔奔EV,15,https://car.autohome.com.cn/price/series-4380.html
长安,悦翔,24,https://car.autohome.com.cn/price/series-705.html
长安,逸动,67,https://car.autohome.com.cn/price/series-2429.html
长安,逸动DT,9,https://car.autohome.com.cn/price/series-4588.html
长安,逸动XT,50,https://car.autohome.com.cn/price/series-4913.html
长安,逸动新能源,17,https://car.autohome.com.cn/price/series-4343.html
长安,睿骋,35,https://car.autohome.com.cn/price/series-2785.html
长安,睿骋CC,10,https://car.autohome.com.cn/price/series-3811.html
长安,长安CS15,8,https://car.autohome.com.cn/price/series-3924.html
长安,长安CS15EV,4,https://car.autohome.com.cn/price/series-4445.html
长安,长安CS35,48,https://car.autohome.com.cn/price/series-2778.html
长安,长安CS35 PLUS,8,https://car.autohome.com.cn/price/series-4976.html
长安,长安CS55,17,https://car.autohome.com.cn/price/series-4269.html
长安,长安CS75,61,https://car.autohome.com.cn/price/series-3204.html
长安,长安CS75 PHEV,3,https://car.autohome.com.cn/price/series-4741.html
长安,长安CS95,11,https://car.autohome.com.cn/price/series-3121.html
长安,凌轩,9,https://car.autohome.com.cn/price/series-4242.html
长安,奔奔i (停售),16,https://car.autohome.com.cn/price/series-484.html
长安,奔奔LOVE (停售),5,https://car.autohome.com.cn/price/series-2046.html
长安,奔奔MINI (停售),17,https://car.autohome.com.cn/price/series-2045.html
长安,长安CX20 (停售),12,https://car.autohome.com.cn/price/series-2119.html
长安,悦翔V5 (停售),5,https://car.autohome.com.cn/price/series-2788.html
长安,悦翔V3 (停售),11,https://car.autohome.com.cn/price/series-2567.html
长安,长安CX30 (停售),22,https://car.autohome.com.cn/price/series-1008.html
长安,悦翔V7 (停售),34,https://car.autohome.com.cn/price/series-3422.html
长安,志翔 (停售),7,https://car.autohome.com.cn/price/series-590.html
长安,杰勋 (停售),7,https://car.autohome.com.cn/price/series-520.html
长安跨越,长安V3,4,https://car.autohome.com.cn/price/series-4181.html
长安跨越,长安V5,6,https://car.autohome.com.cn/price/series-3311.html
长安跨越,跨越王,4,https://car.autohome.com.cn/price/series-4319.html
长安跨越,新豹MINI,8,https://car.autohome.com.cn/price/series-4182.html
长安欧尚,欧尚长行,1,https://car.autohome.com.cn/price/series-4978.html
长安欧尚,欧尚长行EV,1,https://car.autohome.com.cn/price/series-4979.html
长安欧尚,奔奔mini-e,2,https://car.autohome.com.cn/price/series-4480.html
长安欧尚,欧力威EV,2,https://car.autohome.com.cn/price/series-4499.html
长安欧尚,欧尚X70A,5,https://car.autohome.com.cn/price/series-4517.html
长安欧尚,长安CX70,23,https://car.autohome.com.cn/price/series-3893.html
长安欧尚,欧尚,16,https://car.autohome.com.cn/price/series-3783.html
长安欧尚,欧尚A800,23,https://car.autohome.com.cn/price/series-4376.html
长安欧尚,欧尚EV,1,https://car.autohome.com.cn/price/series-4698.html
长安欧尚,长安之星3,7,https://car.autohome.com.cn/price/series-3526.html
长安欧尚,长安之星9,3,https://car.autohome.com.cn/price/series-3685.html
长安欧尚,长安之星9新能源,2,https://car.autohome.com.cn/price/series-4917.html
长安欧尚,欧诺,25,https://car.autohome.com.cn/price/series-2566.html
长安欧尚,欧诺新能源,1,https://car.autohome.com.cn/price/series-4919.html
长安欧尚,长安星卡,19,https://car.autohome.com.cn/price/series-3155.html
长安欧尚,长安星卡新能源,2,https://car.autohome.com.cn/price/series-4918.html
长安欧尚,欧力威 (停售),11,https://car.autohome.com.cn/price/series-2954.html
长安欧尚,长安星光 (停售),7,https://car.autohome.com.cn/price/series-2504.html
长安欧尚,长安之星 (停售),14,https://car.autohome.com.cn/price/series-2600.html
长安欧尚,长安之星2 (停售),10,https://car.autohome.com.cn/price/series-2605.html
长安欧尚,长安之星7 (停售),3,https://car.autohome.com.cn/price/series-3514.html
长安欧尚,长安之星S460 (停售),6,https://car.autohome.com.cn/price/series-2604.html
长安欧尚,金牛星 (停售),7,https://car.autohome.com.cn/price/series-2505.html
长安轻型车,睿行S50,19,https://car.autohome.com.cn/price/series-4132.html
长安轻型车,睿行S50T,3,https://car.autohome.com.cn/price/series-4292.html
长安轻型车,神骐T20,85,https://car.autohome.com.cn/price/series-2923.html
长安轻型车,睿行EM80,2,https://car.autohome.com.cn/price/series-4892.html
长安轻型车,睿行M70,17,https://car.autohome.com.cn/price/series-4372.html
长安轻型车,睿行M80,33,https://car.autohome.com.cn/price/series-3227.html
长安轻型车,睿行M90,39,https://car.autohome.com.cn/price/series-4011.html
长安轻型车,神骐F30,37,https://car.autohome.com.cn/price/series-4012.html
长安轻型车,长安星光4500 (停售),4,https://car.autohome.com.cn/price/series-2606.html
长安轻型车,尊行 (停售),5,https://car.autohome.com.cn/price/series-3091.html
长安轻型车,神骐F50 (停售),4,https://car.autohome.com.cn/price/series-4013.html
长城,长城C30新能源,5,https://car.autohome.com.cn/price/series-4341.html
长城,风骏5,112,https://car.autohome.com.cn/price/series-2462.html
长城,风骏6,20,https://car.autohome.com.cn/price/series-3101.html
长城,风骏3,22,https://car.autohome.com.cn/price/series-2459.html
长城,长城精灵 (停售),10,https://car.autohome.com.cn/price/series-491.html
长城,长城C20R (停售),4,https://car.autohome.com.cn/price/series-2122.html
长城,长城M2 (停售),11,https://car.autohome.com.cn/price/series-2001.html
长城,酷熊 (停售),6,https://car.autohome.com.cn/price/series-493.html
长城,凌傲 (停售),15,https://car.autohome.com.cn/price/series-624.html
长城,炫丽 (停售),27,https://car.autohome.com.cn/price/series-492.html
长城,长城C30 (停售),40,https://car.autohome.com.cn/price/series-2090.html
长城,长城C50 (停售),14,https://car.autohome.com.cn/price/series-2120.html
长城,长城M1 (停售),8,https://car.autohome.com.cn/price/series-535.html
长城,长城M4 (停售),10,https://car.autohome.com.cn/price/series-2304.html
长城,赛弗 (停售),11,https://car.autohome.com.cn/price/series-6.html
长城,赛影 (停售),8,https://car.autohome.com.cn/price/series-552.html
长城,长城V80 (停售),24,https://car.autohome.com.cn/price/series-2200.html
长城,嘉誉 (停售),17,https://car.autohome.com.cn/price/series-536.html
长城,金迪尔 (停售),7,https://car.autohome.com.cn/price/series-2653.html
成功汽车,成功V1,7,https://car.autohome.com.cn/price/series-3504.html
成功汽车,成功V2,10,https://car.autohome.com.cn/price/series-3505.html
成功汽车,成功V2E,2,https://car.autohome.com.cn/price/series-4533.html
成功汽车,成功K1,6,https://car.autohome.com.cn/price/series-3506.html
成功汽车,成功K2,6,https://car.autohome.com.cn/price/series-3507.html
成功汽车,成功X1,1,https://car.autohome.com.cn/price/series-3508.html
DS,DS 4S,11,https://car.autohome.com.cn/price/series-3963.html
DS,DS 5LS,26,https://car.autohome.com.cn/price/series-3309.html
DS,DS 5,19,https://car.autohome.com.cn/price/series-2952.html
DS,DS 6,26,https://car.autohome.com.cn/price/series-3324.html
DS,DS 7,7,https://car.autohome.com.cn/price/series-4610.html
DS,DS 3经典,6,https://car.autohome.com.cn/price/series-898.html
DS,DS 4,2,https://car.autohome.com.cn/price/series-2078.html
DS,DS 5(进口),3,https://car.autohome.com.cn/price/series-2314.html
大乘汽车,大乘G70s,4,https://car.autohome.com.cn/price/series-4938.html
大发,森雅 (停售),13,https://car.autohome.com.cn/price/series-545.html
大众,Polo,100,https://car.autohome.com.cn/price/series-145.html
大众,桑塔纳,53,https://car.autohome.com.cn/price/series-2922.html
大众,朗行,29,https://car.autohome.com.cn/price/series-3103.html
大众,朗逸,80,https://car.autohome.com.cn/price/series-614.html
大众,凌渡,24,https://car.autohome.com.cn/price/series-3457.html
大众,帕萨特,101,https://car.autohome.com.cn/price/series-528.html
大众,帕萨特新能源,2,https://car.autohome.com.cn/price/series-4904.html
大众,辉昂,22,https://car.autohome.com.cn/price/series-4045.html
大众,途观,56,https://car.autohome.com.cn/price/series-874.html
大众,途岳,10,https://car.autohome.com.cn/price/series-4745.html
大众,途观L,22,https://car.autohome.com.cn/price/series-4274.html
大众,途观L新能源,2,https://car.autohome.com.cn/price/series-4746.html
大众,途昂,9,https://car.autohome.com.cn/price/series-4232.html
大众,途安,71,https://car.autohome.com.cn/price/series-333.html
大众,朗境,10,https://car.autohome.com.cn/price/series-3197.html
大众,高尔 (停售),7,https://car.autohome.com.cn/price/series-144.html
大众,Passat领驭 (停售),26,https://car.autohome.com.cn/price/series-826.html
大众,桑塔纳经典 (停售),7,https://car.autohome.com.cn/price/series-149.html
大众,桑塔纳志俊 (停售),18,https://car.autohome.com.cn/price/series-207.html
大众,捷达,57,https://car.autohome.com.cn/price/series-16.html
大众,宝来,93,https://car.autohome.com.cn/price/series-633.html
大众,高尔夫,95,https://car.autohome.com.cn/price/series-871.html
大众,速腾,115,https://car.autohome.com.cn/price/series-442.html
大众,C-TREK蔚领,16,https://car.autohome.com.cn/price/series-4204.html
大众,高尔夫・嘉旅,20,https://car.autohome.com.cn/price/series-3964.html
大众,迈腾,104,https://car.autohome.com.cn/price/series-496.html
大众,一汽-大众CC,44,https://car.autohome.com.cn/price/series-905.html
大众,T-ROC探歌,8,https://car.autohome.com.cn/price/series-4674.html
大众,探岳,10,https://car.autohome.com.cn/price/series-4744.html
大众,宝来/宝来经典 (停售),37,https://car.autohome.com.cn/price/series-15.html
大众,开迪 (停售),6,https://car.autohome.com.cn/price/series-360.html
大众,甲壳虫,59,https://car.autohome.com.cn/price/series-210.html
大众,高尔夫(进口),17,https://car.autohome.com.cn/price/series-372.html
大众,高尔夫新能源(进口),2,https://car.autohome.com.cn/price/series-4355.html
大众,蔚揽,16,https://car.autohome.com.cn/price/series-3999.html
大众,Tiguan,20,https://car.autohome.com.cn/price/series-557.html
大众,途锐,59,https://car.autohome.com.cn/price/series-82.html
大众,夏朗,36,https://car.autohome.com.cn/price/series-86.html
大众,迈特威,27,https://car.autohome.com.cn/price/series-631.html
大众,凯路威,20,https://car.autohome.com.cn/price/series-3416.html
大众,尚酷,19,https://car.autohome.com.cn/price/series-669.html
大众,大众up!,3,https://car.autohome.com.cn/price/series-780.html
大众,Passat,6,https://car.autohome.com.cn/price/series-368.html
大众,大众CC,5,https://car.autohome.com.cn/price/series-700.html
大众,大众Eos,6,https://car.autohome.com.cn/price/series-430.html
大众,大众e-up! (停售),1,https://car.autohome.com.cn/price/series-4330.html
大众,迈腾(进口) (停售),7,https://car.autohome.com.cn/price/series-539.html
大众,辉腾 (停售),36,https://car.autohome.com.cn/price/series-224.html
道奇,凯领 (停售),3,https://car.autohome.com.cn/price/series-574.html
道奇,酷威,10,https://car.autohome.com.cn/price/series-602.html
道奇,锋哲,2,https://car.autohome.com.cn/price/series-576.html
道奇,道奇Ram,3,https://car.autohome.com.cn/price/series-2198.html
道奇,酷搏 (停售),7,https://car.autohome.com.cn/price/series-575.html
电咖,电咖・EV10,6,https://car.autohome.com.cn/price/series-4238.html
东风,俊风ER30,1,https://car.autohome.com.cn/price/series-4858.html
东风,俊风E11K,1,https://car.autohome.com.cn/price/series-4740.html
东风,俊风E17,1,https://car.autohome.com.cn/price/series-4953.html
东风,御风S16,6,https://car.autohome.com.cn/price/series-4560.html
东风,御风,80,https://car.autohome.com.cn/price/series-2839.html
东风,御风EV,4,https://car.autohome.com.cn/price/series-4278.html
东风,东风皮卡,36,https://car.autohome.com.cn/price/series-3716.html
东风,虎视,4,https://car.autohome.com.cn/price/series-3166.html
东风,御风P16,12,https://car.autohome.com.cn/price/series-4486.html
东风,猛士,1,https://car.autohome.com.cn/price/series-560.html
东风,俊风CV03 (停售),8,https://car.autohome.com.cn/price/series-2901.html
东风,帅客,44,https://car.autohome.com.cn/price/series-951.html
东风,帅客新能源,2,https://car.autohome.com.cn/price/series-4801.html
东风,俊风,2,https://car.autohome.com.cn/price/series-3279.html
东风,锐骐6,12,https://car.autohome.com.cn/price/series-4888.html
东风,锐骐多功能车,19,https://car.autohome.com.cn/price/series-2512.html
东风,锐骐皮卡,86,https://car.autohome.com.cn/price/series-2510.html
东风,奥丁 (停售),13,https://car.autohome.com.cn/price/series-561.html
东风,御轩 (停售),9,https://car.autohome.com.cn/price/series-562.html
东风・瑞泰特,东风・瑞泰特EM10,1,https://car.autohome.com.cn/price/series-4915.html
东风・瑞泰特,东风・瑞泰特EM30,1,https://car.autohome.com.cn/price/series-4755.html
东风风度,东风风度MX5,5,https://car.autohome.com.cn/price/series-3984.html
东风风度,东风风度MX6,16,https://car.autohome.com.cn/price/series-3637.html
东风风光,东风风光S560,23,https://car.autohome.com.cn/price/series-4468.html
东风风光,东风风光580,19,https://car.autohome.com.cn/price/series-4023.html
东风风光,东风风光ix5,7,https://car.autohome.com.cn/price/series-4759.html
东风风光,东风风光370,26,https://car.autohome.com.cn/price/series-3925.html
东风风光,东风风光330,16,https://car.autohome.com.cn/price/series-3829.html
东风风光,东风风光360 (停售),21,https://car.autohome.com.cn/price/series-3828.html
东风风光,东风风光 (停售),5,https://car.autohome.com.cn/price/series-3086.html
东风风光,东风风光350 (停售),1,https://car.autohome.com.cn/price/series-3830.html
东风风神,东风风神A60,27,https://car.autohome.com.cn/price/series-2556.html
东风风神,东风风神A30,7,https://car.autohome.com.cn/price/series-3493.html
东风风神,东风风神E70,2,https://car.autohome.com.cn/price/series-4421.html
东风风神,东风风神L60,5,https://car.autohome.com.cn/price/series-3461.html
东风风神,东风A9,3,https://car.autohome.com.cn/price/series-3463.html
东风风神,东风风神AX3,12,https://car.autohome.com.cn/price/series-3786.html
东风风神,东风风神AX4,8,https://car.autohome.com.cn/price/series-4383.html
东风风神,东风风神AX5,9,https://car.autohome.com.cn/price/series-4097.html
东风风神,东风风神AX7,25,https://car.autohome.com.cn/price/series-3341.html
东风风神,东风风神E30 (停售),3,https://car.autohome.com.cn/price/series-3119.html
东风风神,东风风神H30 (停售),38,https://car.autohome.com.cn/price/series-1006.html
东风风神,东风风神S30 (停售),35,https://car.autohome.com.cn/price/series-790.html
东风风行,风行S50EV,5,https://car.autohome.com.cn/price/series-4614.html
东风风行,景逸S50,24,https://car.autohome.com.cn/price/series-3301.html
东风风行,风行SX6,15,https://car.autohome.com.cn/price/series-3970.html
东风风行,风行T5,11,https://car.autohome.com.cn/price/series-4767.html
东风风行,景逸X3,12,https://car.autohome.com.cn/price/series-3414.html
东风风行,景逸X5,35,https://car.autohome.com.cn/price/series-3128.html
东风风行,景逸X6,8,https://car.autohome.com.cn/price/series-4423.html
东风风行,风行CM7,24,https://car.autohome.com.cn/price/series-2990.html
东风风行,风行F600,11,https://car.autohome.com.cn/price/series-3792.html
东风风行,风行S500,16,https://car.autohome.com.cn/price/series-3789.html
东风风行,菱智,249,https://car.autohome.com.cn/price/series-2540.html
东风风行,菱智M5EV,5,https://car.autohome.com.cn/price/series-4418.html
东风风行,景逸 (停售),79,https://car.autohome.com.cn/price/series-554.html
东风风行,景逸SUV (停售),4,https://car.autohome.com.cn/price/series-2742.html
东风风行,景逸XV (停售),4,https://car.autohome.com.cn/price/series-3785.html
东风小康,东风小康C36,5,https://car.autohome.com.cn/price/series-3502.html
东风小康,东风小康C37,9,https://car.autohome.com.cn/price/series-2865.html
东风小康,东风小康EC36,1,https://car.autohome.com.cn/price/series-4461.html
东风小康,东风小康K05S,5,https://car.autohome.com.cn/price/series-4299.html
东风小康,东风小康K07S,19,https://car.autohome.com.cn/price/series-3697.html
东风小康,东风小康C31,14,https://car.autohome.com.cn/price/series-3698.html
东风小康,东风小康C32,14,https://car.autohome.com.cn/price/series-3699.html
东风小康,东风小康K01,17,https://car.autohome.com.cn/price/series-2452.html
东风小康,东风小康K02,14,https://car.autohome.com.cn/price/series-2497.html
东风小康,东风小康C35 (停售),1,https://car.autohome.com.cn/price/series-3036.html
东风小康,东风小康K07 (停售),8,https://car.autohome.com.cn/price/series-2500.html
东风小康,东风小康K07II (停售),6,https://car.autohome.com.cn/price/series-2501.html
东风小康,东风小康K17 (停售),4,https://car.autohome.com.cn/price/series-2499.html
东风小康,东风小康V07S (停售),3,https://car.autohome.com.cn/price/series-2490.html
东风小康,东风小康V27 (停售),7,https://car.autohome.com.cn/price/series-2495.html
东风小康,东风小康V29 (停售),3,https://car.autohome.com.cn/price/series-2744.html
东风小康,东风小康K06 (停售),2,https://car.autohome.com.cn/price/series-2498.html
东风小康,东风小康V21 (停售),8,https://car.autohome.com.cn/price/series-2491.html
东风小康,东风小康V22 (停售),8,https://car.autohome.com.cn/price/series-2494.html
东南,东南A5翼舞,1,https://car.autohome.com.cn/price/series-4901.html
东南,V3菱悦,64,https://car.autohome.com.cn/price/series-606.html
东南,V5菱致,47,https://car.autohome.com.cn/price/series-2769.html
东南,东南DX3,30,https://car.autohome.com.cn/price/series-4086.html
东南,东南DX3新能源,5,https://car.autohome.com.cn/price/series-4632.html
东南,东南DX7,55,https://car.autohome.com.cn/price/series-3634.html
东南,V6菱仕 (停售),24,https://car.autohome.com.cn/price/series-2776.html
东南,菱帅 (停售),14,https://car.autohome.com.cn/price/series-126.html
东南,希旺 (停售),7,https://car.autohome.com.cn/price/series-2477.html
东南,得利卡 (停售),10,https://car.autohome.com.cn/price/series-2530.html
法拉利,California T,3,https://car.autohome.com.cn/price/series-676.html
法拉利,F12berlinetta,1,https://car.autohome.com.cn/price/series-2682.html
法拉利,812 Superfast,1,https://car.autohome.com.cn/price/series-4314.html
法拉利,GTC4Lusso,2,https://car.autohome.com.cn/price/series-4027.html
法拉利,Portofino,1,https://car.autohome.com.cn/price/series-4524.html
法拉利,法拉利488,3,https://car.autohome.com.cn/price/series-3720.html
法拉利,LaFerrari,1,https://car.autohome.com.cn/price/series-3016.html
法拉利,法拉利458 (停售),4,https://car.autohome.com.cn/price/series-889.html
法拉利,法拉利599 (停售),1,https://car.autohome.com.cn/price/series-459.html
法拉利,法拉利FF (停售),1,https://car.autohome.com.cn/price/series-2261.html
法拉利,法拉利360 (停售),2,https://car.autohome.com.cn/price/series-361.html
法拉利,法拉利575M (停售),1,https://car.autohome.com.cn/price/series-308.html
法拉利,法拉利612 (停售),1,https://car.autohome.com.cn/price/series-367.html
法拉利,法拉利F430 (停售),3,https://car.autohome.com.cn/price/series-359.html
菲亚特,菲翔,23,https://car.autohome.com.cn/price/series-2767.html
菲亚特,致悦,12,https://car.autohome.com.cn/price/series-3267.html
菲亚特,派朗 (停售),2,https://car.autohome.com.cn/price/series-465.html
菲亚特,派力奥 (停售),23,https://car.autohome.com.cn/price/series-89.html
菲亚特,西耶那 (停售),12,https://car.autohome.com.cn/price/series-90.html
菲亚特,周末风 (停售),10,https://car.autohome.com.cn/price/series-91.html
菲亚特,菲亚特500,8,https://car.autohome.com.cn/price/series-601.html
菲亚特,菲跃,5,https://car.autohome.com.cn/price/series-2262.html
菲亚特,朋多,2,https://car.autohome.com.cn/price/series-543.html
菲亚特,博悦,10,https://car.autohome.com.cn/price/series-542.html
菲亚特,领雅,2,https://car.autohome.com.cn/price/series-544.html
丰田,YARiS L 致享,11,https://car.autohome.com.cn/price/series-4259.html
丰田,YARiS L 致炫,26,https://car.autohome.com.cn/price/series-3126.html
丰田,雷凌,45,https://car.autohome.com.cn/price/series-3462.html
丰田,凯美瑞,94,https://car.autohome.com.cn/price/series-110.html
丰田,丰田C-HR,10,https://car.autohome.com.cn/price/series-4645.html
丰田,汉兰达,62,https://car.autohome.com.cn/price/series-771.html
丰田,逸致,20,https://car.autohome.com.cn/price/series-2237.html
丰田,雅力士 (停售),18,https://car.autohome.com.cn/price/series-505.html
丰田,威驰,77,https://car.autohome.com.cn/price/series-111.html
丰田,威驰FS,8,https://car.autohome.com.cn/price/series-4260.html
丰田,卡罗拉,103,https://car.autohome.com.cn/price/series-526.html
丰田,皇冠,57,https://car.autohome.com.cn/price/series-882.html
丰田,奕泽IZOA,4,https://car.autohome.com.cn/price/series-4646.html
丰田,RAV4荣放,62,https://car.autohome.com.cn/price/series-770.html
丰田,普拉多,37,https://car.autohome.com.cn/price/series-46.html
丰田,柯斯达,23,https://car.autohome.com.cn/price/series-2527.html
丰田,花冠 (停售),36,https://car.autohome.com.cn/price/series-109.html
丰田,普锐斯 (停售),6,https://car.autohome.com.cn/price/series-371.html
丰田,锐志 (停售),32,https://car.autohome.com.cn/price/series-375.html
丰田,特锐 (停售),7,https://car.autohome.com.cn/price/series-170.html
丰田,兰德酷路泽 (停售),22,https://car.autohome.com.cn/price/series-45.html
丰田,埃尔法,11,https://car.autohome.com.cn/price/series-2107.html
丰田,普瑞维亚,7,https://car.autohome.com.cn/price/series-107.html
丰田,HIACE,5,https://car.autohome.com.cn/price/series-2607.html
丰田,凯美瑞(海外),3,https://car.autohome.com.cn/price/series-963.html
丰田,丰田RAV4(进口),5,https://car.autohome.com.cn/price/series-206.html
丰田,FJ 酷路泽,4,https://car.autohome.com.cn/price/series-513.html
丰田,Fortuner,2,https://car.autohome.com.cn/price/series-3851.html
丰田,汉兰达(进口),6,https://car.autohome.com.cn/price/series-549.html
丰田,兰德酷路泽(进口),4,https://car.autohome.com.cn/price/series-550.html
丰田,普拉多(进口),9,https://car.autohome.com.cn/price/series-334.html
丰田,红杉,2,https://car.autohome.com.cn/price/series-964.html
丰田,Sienna,8,https://car.autohome.com.cn/price/series-983.html
丰田,丰田86,8,https://car.autohome.com.cn/price/series-2574.html
丰田,坦途,1,https://car.autohome.com.cn/price/series-2354.html
丰田,威飒 (停售),4,https://car.autohome.com.cn/price/series-762.html
丰田,杰路驰 (停售),3,https://car.autohome.com.cn/price/series-2244.html
福迪,揽福,29,https://car.autohome.com.cn/price/series-3633.html
福迪,雄师F16,19,https://car.autohome.com.cn/price/series-2895.html
福迪,雄师F22,35,https://car.autohome.com.cn/price/series-3754.html
福迪,探索者Ⅱ (停售),1,https://car.autohome.com.cn/price/series-2454.html
福迪,探索者Ⅲ (停售),3,https://car.autohome.com.cn/price/series-2455.html
福迪,探索者6 (停售),2,https://car.autohome.com.cn/price/series-2453.html
福迪,小超人 (停售),5,https://car.autohome.com.cn/price/series-2475.html
福迪,雄狮 (停售),2,https://car.autohome.com.cn/price/series-2894.html
福汽启腾,启腾V60,3,https://car.autohome.com.cn/price/series-3992.html
福汽启腾,启腾EX80,10,https://car.autohome.com.cn/price/series-3877.html
福汽启腾,启腾M70,7,https://car.autohome.com.cn/price/series-3346.html
福汽启腾,启腾M70EV,2,https://car.autohome.com.cn/price/series-4530.html
福特,福克斯,133,https://car.autohome.com.cn/price/series-364.html
福特,福睿斯,15,https://car.autohome.com.cn/price/series-3347.html
福特,金牛座,22,https://car.autohome.com.cn/price/series-3693.html
福特,蒙迪欧,49,https://car.autohome.com.cn/price/series-117.html
福特,蒙迪欧新能源,6,https://car.autohome.com.cn/price/series-4386.html
福特,翼搏,22,https://car.autohome.com.cn/price/series-2871.html
福特,翼虎,45,https://car.autohome.com.cn/price/series-2863.html
福特,锐界,31,https://car.autohome.com.cn/price/series-3615.html
福特,嘉年华 (停售),55,https://car.autohome.com.cn/price/series-659.html
福特,蒙迪欧-致胜 (停售),21,https://car.autohome.com.cn/price/series-577.html
福特,致胜 (停售),2,https://car.autohome.com.cn/price/series-3175.html
福特,麦柯斯 (停售),9,https://car.autohome.com.cn/price/series-498.html
福特,撼路者,18,https://car.autohome.com.cn/price/series-3518.html
福特,途睿欧,6,https://car.autohome.com.cn/price/series-3814.html
福特,全顺,21,https://car.autohome.com.cn/price/series-4192.html
福特,新世代全顺,84,https://car.autohome.com.cn/price/series-2524.html
福特,经典全顺 (停售),107,https://car.autohome.com.cn/price/series-2523.html
福特,福特GT,2,https://car.autohome.com.cn/price/series-378.html
福特,福克斯(进口),10,https://car.autohome.com.cn/price/series-704.html
福特,探险者,19,https://car.autohome.com.cn/price/series-2024.html
福特,Mustang,33,https://car.autohome.com.cn/price/series-102.html
福特,Ranger,1,https://car.autohome.com.cn/price/series-2707.html
福特,福特F-150,7,https://car.autohome.com.cn/price/series-2353.html
福特,嘉年华(进口),1,https://car.autohome.com.cn/price/series-713.html
福特,Kuga,2,https://car.autohome.com.cn/price/series-97.html
福特,锐界(进口),10,https://car.autohome.com.cn/price/series-684.html
福特,征服者,1,https://car.autohome.com.cn/price/series-2025.html
福特,福特E350,4,https://car.autohome.com.cn/price/series-2302.html
福田,风景V3,15,https://car.autohome.com.cn/price/series-3676.html
福田,风景V5,17,https://car.autohome.com.cn/price/series-3821.html
福田,祥菱M,20,https://car.autohome.com.cn/price/series-4893.html
福田,祥菱V,18,https://car.autohome.com.cn/price/series-4165.html
福田,风景G7,51,https://car.autohome.com.cn/price/series-3440.html
福田,风景G9,18,https://car.autohome.com.cn/price/series-4035.html
福田,福田风景,182,https://car.autohome.com.cn/price/series-2535.html
福田,蒙派克E,77,https://car.autohome.com.cn/price/series-2542.html
福田,蒙派克S,11,https://car.autohome.com.cn/price/series-3089.html
福田,图雅诺,28,https://car.autohome.com.cn/price/series-3735.html
福田,图雅诺EV,1,https://car.autohome.com.cn/price/series-4612.html
福田,萨普,44,https://car.autohome.com.cn/price/series-2579.html
福田,迷迪 (停售),40,https://car.autohome.com.cn/price/series-661.html
福田乘用车,伽途GT,4,https://car.autohome.com.cn/price/series-4760.html
福田乘用车,萨瓦纳,131,https://car.autohome.com.cn/price/series-3307.html
福田乘用车,伽途im6,5,https://car.autohome.com.cn/price/series-4227.html
福田乘用车,伽途im8,6,https://car.autohome.com.cn/price/series-4228.html
福田乘用车,伽途ix5,8,https://car.autohome.com.cn/price/series-3991.html
福田乘用车,伽途ix7,7,https://car.autohome.com.cn/price/series-3990.html
福田乘用车,拓陆者,257,https://car.autohome.com.cn/price/series-2577.html
GMC,YUKON,12,https://car.autohome.com.cn/price/series-947.html
GMC,SAVANA,83,https://car.autohome.com.cn/price/series-980.html
GMC,SIERRA,9,https://car.autohome.com.cn/price/series-2355.html
GMC,TERRAIN,1,https://car.autohome.com.cn/price/series-955.html
观致,观致3,77,https://car.autohome.com.cn/price/series-2974.html
观致,观致5,19,https://car.autohome.com.cn/price/series-3662.html
光冈,女王,1,https://car.autohome.com.cn/price/series-2094.html
光冈,大蛇 (停售),1,https://car.autohome.com.cn/price/series-2093.html
光冈,嘉路 (停售),1,https://car.autohome.com.cn/price/series-2095.html
广汽传祺,传祺GA4,8,https://car.autohome.com.cn/price/series-4630.html
广汽传祺,传祺GA6,15,https://car.autohome.com.cn/price/series-3349.html
广汽传祺,传祺GA8,13,https://car.autohome.com.cn/price/series-3782.html
广汽传祺,传祺GS3,8,https://car.autohome.com.cn/price/series-3495.html
广汽传祺,传祺GS4,46,https://car.autohome.com.cn/price/series-3691.html
广汽传祺,传祺GS5,32,https://car.autohome.com.cn/price/series-2560.html
广汽传祺,传祺GS7,5,https://car.autohome.com.cn/price/series-4230.html
广汽传祺,传祺GS8,6,https://car.autohome.com.cn/price/series-4094.html
广汽传祺,传祺GM8,4,https://car.autohome.com.cn/price/series-4174.html
广汽传祺,传祺GA3 (停售),10,https://car.autohome.com.cn/price/series-3069.html
广汽传祺,传祺GA3S视界 (停售),10,https://car.autohome.com.cn/price/series-3524.html
广汽传祺,传祺GA5 (停售),32,https://car.autohome.com.cn/price/series-2141.html
广汽传祺,传祺GA5新能源 (停售),4,https://car.autohome.com.cn/price/series-4340.html
广汽传祺,传祺GS5 Super (停售),27,https://car.autohome.com.cn/price/series-3574.html
广汽吉奥,星旺,8,https://car.autohome.com.cn/price/series-2488.html
广汽吉奥,星旺CL,9,https://car.autohome.com.cn/price/series-2885.html
广汽吉奥,星旺L,2,https://car.autohome.com.cn/price/series-3159.html
广汽吉奥,星旺M1,2,https://car.autohome.com.cn/price/series-3139.html
广汽吉奥,星旺M2,2,https://car.autohome.com.cn/price/series-3140.html
广汽吉奥,财运100,32,https://car.autohome.com.cn/price/series-2599.html
广汽吉奥,财运300,8,https://car.autohome.com.cn/price/series-2571.html
广汽吉奥,财运500,7,https://car.autohome.com.cn/price/series-2568.html
广汽吉奥,广汽吉奥GP150,12,https://car.autohome.com.cn/price/series-3480.html
广汽吉奥,E美 (停售),3,https://car.autohome.com.cn/price/series-3272.html
广汽吉奥,奥轩G3 (停售),3,https://car.autohome.com.cn/price/series-2114.html
广汽吉奥,吉奥凯旋 (停售),1,https://car.autohome.com.cn/price/series-969.html
广汽吉奥,凯睿 (停售),3,https://car.autohome.com.cn/price/series-865.html
广汽吉奥,帅豹 (停售),4,https://car.autohome.com.cn/price/series-1015.html
广汽吉奥,帅威 (停售),2,https://car.autohome.com.cn/price/series-968.html
广汽吉奥,奥轩G5 (停售),24,https://car.autohome.com.cn/price/series-2306.html
广汽吉奥,奥轩GX5 (停售),14,https://car.autohome.com.cn/price/series-2774.html
广汽吉奥,广汽吉奥GX6 (停售),4,https://car.autohome.com.cn/price/series-3477.html
广汽吉奥,帅驰 (停售),2,https://car.autohome.com.cn/price/series-967.html
广汽吉奥,帅舰 (停售),5,https://car.autohome.com.cn/price/series-864.html
广汽吉奥,星朗 (停售),15,https://car.autohome.com.cn/price/series-3134.html
广汽集团,广汽ix4,2,https://car.autohome.com.cn/price/series-4793.html
广汽集团,祺智EV,2,https://car.autohome.com.cn/price/series-4932.html
广汽集团,祺智PHEV,4,https://car.autohome.com.cn/price/series-4431.html
广汽新能源,传祺GA3S PHEV,2,https://car.autohome.com.cn/price/series-4255.html
广汽新能源,传祺GE3,7,https://car.autohome.com.cn/price/series-4291.html
广汽新能源,传祺GS4新能源,4,https://car.autohome.com.cn/price/series-4256.html
国金汽车,国金GM3,7,https://car.autohome.com.cn/price/series-4556.html
哈飞,哈飞小霸王,4,https://car.autohome.com.cn/price/series-2487.html
哈飞,骏意,6,https://car.autohome.com.cn/price/series-2485.html
哈飞,民意,8,https://car.autohome.com.cn/price/series-2486.html
哈飞,中意V5,2,https://car.autohome.com.cn/price/series-3038.html
哈飞,民意微卡,2,https://car.autohome.com.cn/price/series-3840.html
哈飞,路宝 (停售),28,https://car.autohome.com.cn/price/series-67.html
哈飞,赛马 (停售),10,https://car.autohome.com.cn/price/series-68.html
哈飞,赛豹III (停售),6,https://car.autohome.com.cn/price/series-392.html
哈飞,赛豹V (停售),4,https://car.autohome.com.cn/price/series-481.html
哈飞,路尊大霸王 (停售),5,https://car.autohome.com.cn/price/series-2536.html
哈弗,哈弗H1,38,https://car.autohome.com.cn/price/series-3454.html
哈弗,哈弗H2,56,https://car.autohome.com.cn/price/series-2615.html
哈弗,哈弗H2s,26,https://car.autohome.com.cn/price/series-4168.html
哈弗,哈弗F5,4,https://car.autohome.com.cn/price/series-4792.html
哈弗,哈弗F7,6,https://car.autohome.com.cn/price/series-4898.html
哈弗,哈弗H4,4,https://car.autohome.com.cn/price/series-4608.html
哈弗,哈弗H5,115,https://car.autohome.com.cn/price/series-2027.html
哈弗,哈弗H6,154,https://car.autohome.com.cn/price/series-2123.html
哈弗,哈弗H6 Coupe,47,https://car.autohome.com.cn/price/series-3481.html
哈弗,哈弗M6,13,https://car.autohome.com.cn/price/series-4485.html
哈弗,哈弗H7,15,https://car.autohome.com.cn/price/series-3074.html
哈弗,哈弗H8,20,https://car.autohome.com.cn/price/series-2124.html
哈弗,哈弗H9,23,https://car.autohome.com.cn/price/series-3298.html
哈弗,哈弗H3 (停售),66,https://car.autohome.com.cn/price/series-395.html
海格,海格H4E,3,https://car.autohome.com.cn/price/series-4131.html
海格,海格H5C,9,https://car.autohome.com.cn/price/series-2572.html
海格,海格H5V,6,https://car.autohome.com.cn/price/series-3243.html
海格,海格H6C,4,https://car.autohome.com.cn/price/series-3636.html
海格,海格H6V,1,https://car.autohome.com.cn/price/series-3638.html
海格,海格H7V,1,https://car.autohome.com.cn/price/series-3235.html
海格,龙威,24,https://car.autohome.com.cn/price/series-3149.html
海格,御骏,11,https://car.autohome.com.cn/price/series-2673.html
海马,海马爱尚EV,3,https://car.autohome.com.cn/price/series-4459.html
海马,海马E3,5,https://car.autohome.com.cn/price/series-4156.html
海马,海马M3,42,https://car.autohome.com.cn/price/series-2941.html
海马,海马M6,14,https://car.autohome.com.cn/price/series-3006.html
海马,海马S5青春版,12,https://car.autohome.com.cn/price/series-4169.html
海马,海马S5,43,https://car.autohome.com.cn/price/series-3214.html
海马,福仕达腾达,4,https://car.autohome.com.cn/price/series-3162.html
海马,福仕达福卡,4,https://car.autohome.com.cn/price/series-3163.html
海马,海马爱尚 (停售),6,https://car.autohome.com.cn/price/series-2318.html
海马,海马王子 (停售),8,https://car.autohome.com.cn/price/series-855.html
海马,福仕达鸿达 (停售),8,https://car.autohome.com.cn/price/series-3160.html
海马,福仕达荣达 (停售),9,https://car.autohome.com.cn/price/series-2481.html
海马,福美来,80,https://car.autohome.com.cn/price/series-470.html
海马,福美来F5,5,https://car.autohome.com.cn/price/series-4774.html
海马,海马S7,24,https://car.autohome.com.cn/price/series-3075.html
海马,福美来F7,5,https://car.autohome.com.cn/price/series-4525.html
海马,海马M8,8,https://car.autohome.com.cn/price/series-2766.html
海马,福美来MPV,8,https://car.autohome.com.cn/price/series-4205.html
海马,海马V70,13,https://car.autohome.com.cn/price/series-3994.html
海马,普力马EV,1,https://car.autohome.com.cn/price/series-4339.html
海马,丘比特 (停售),24,https://car.autohome.com.cn/price/series-824.html
海马,海福星 (停售),20,https://car.autohome.com.cn/price/series-47.html
海马,海马3 (停售),5,https://car.autohome.com.cn/price/series-527.html
海马,欢动 (停售),13,https://car.autohome.com.cn/price/series-696.html
海马,海马骑士 (停售),16,https://car.autohome.com.cn/price/series-823.html
海马,普力马 (停售),42,https://car.autohome.com.cn/price/series-844.html
汉腾汽车,汉腾X5新能源,2,https://car.autohome.com.cn/price/series-4419.html
汉腾汽车,汉腾X5,9,https://car.autohome.com.cn/price/series-4226.html
汉腾汽车,汉腾X7,19,https://car.autohome.com.cn/price/series-4130.html
汉腾汽车,汉腾X7新能源,5,https://car.autohome.com.cn/price/series-4613.html
悍马,悍马H3 (停售),3,https://car.autohome.com.cn/price/series-379.html
悍马,悍马H2 (停售),2,https://car.autohome.com.cn/price/series-38.html
恒天,途腾T1,2,https://car.autohome.com.cn/price/series-2754.html
恒天,途腾T2,7,https://car.autohome.com.cn/price/series-2755.html
恒天,途腾T3,6,https://car.autohome.com.cn/price/series-2973.html
红旗,红旗L5,1,https://car.autohome.com.cn/price/series-3108.html
红旗,红旗H5,7,https://car.autohome.com.cn/price/series-4410.html
红旗,红旗H7,23,https://car.autohome.com.cn/price/series-2771.html
红旗,新明仕 (停售),1,https://car.autohome.com.cn/price/series-556.html
红旗,红旗盛世 (停售),4,https://car.autohome.com.cn/price/series-428.html
红星汽车,闪闪X2,4,https://car.autohome.com.cn/price/series-4877.html
华凯,华凯皮卡,16,https://car.autohome.com.cn/price/series-3911.html
华普,海锋 (停售),2,https://car.autohome.com.cn/price/series-570.html
华普,海尚 (停售),4,https://car.autohome.com.cn/price/series-461.html
华普,海炫 (停售),1,https://car.autohome.com.cn/price/series-507.html
华普,海迅 (停售),13,https://car.autohome.com.cn/price/series-194.html
华普,海域 (停售),13,https://car.autohome.com.cn/price/series-460.html
华普,海悦 (停售),1,https://car.autohome.com.cn/price/series-856.html
华普,华普海景 (停售),7,https://car.autohome.com.cn/price/series-862.html
华骐,华骐300E,1,https://car.autohome.com.cn/price/series-4170.html
华颂,华颂7,7,https://car.autohome.com.cn/price/series-3607.html
华泰,圣达菲,21,https://car.autohome.com.cn/price/series-3896.html
华泰,圣达菲5,7,https://car.autohome.com.cn/price/series-4518.html
华泰,圣达菲7,4,https://car.autohome.com.cn/price/series-4483.html
华泰,宝利格,27,https://car.autohome.com.cn/price/series-2144.html
华泰,路盛E80,4,https://car.autohome.com.cn/price/series-3803.html
华泰,路盛E70 (停售),4,https://car.autohome.com.cn/price/series-2133.html
华泰,华泰B11 (停售),12,https://car.autohome.com.cn/price/series-2108.html
华泰,圣达菲经典 (停售),51,https://car.autohome.com.cn/price/series-477.html
华泰,特拉卡 (停售),15,https://car.autohome.com.cn/price/series-290.html
华泰新能源,华泰EV160B,1,https://car.autohome.com.cn/price/series-4318.html
华泰新能源,华泰EV160R,1,https://car.autohome.com.cn/price/series-4495.html
华泰新能源,路盛S1,2,https://car.autohome.com.cn/price/series-4836.html
华泰新能源,华泰iEV230,5,https://car.autohome.com.cn/price/series-4065.html
华泰新能源,华泰XEV260,5,https://car.autohome.com.cn/price/series-4066.html
黄海,瑞途,4,https://car.autohome.com.cn/price/series-4162.html
黄海,傲骏,5,https://car.autohome.com.cn/price/series-2517.html
黄海,大柴神,16,https://car.autohome.com.cn/price/series-2515.html
黄海,黄海N1,83,https://car.autohome.com.cn/price/series-3455.html
黄海,黄海N2,48,https://car.autohome.com.cn/price/series-3846.html
黄海,黄海N3,30,https://car.autohome.com.cn/price/series-4436.html
黄海,小柴神,3,https://car.autohome.com.cn/price/series-2516.html
黄海,旗胜V3,4,https://car.autohome.com.cn/price/series-2160.html
黄海,翱龙CUV (停售),5,https://car.autohome.com.cn/price/series-2212.html
黄海,旗胜F1 (停售),13,https://car.autohome.com.cn/price/series-673.html
黄海,挑战者SUV (停售),4,https://car.autohome.com.cn/price/series-2211.html
Icona,Vulcano (停售),1,https://car.autohome.com.cn/price/series-3122.html
Jeep,北京JEEP (停售),6,https://car.autohome.com.cn/price/series-291.html
Jeep,大切诺基 (停售),5,https://car.autohome.com.cn/price/series-23.html
Jeep,自由侠,28,https://car.autohome.com.cn/price/series-4072.html
Jeep,指南者,9,https://car.autohome.com.cn/price/series-3845.html
Jeep,大指挥官,9,https://car.autohome.com.cn/price/series-4673.html
Jeep,指挥官,5,https://car.autohome.com.cn/price/series-4891.html
Jeep,自由光,20,https://car.autohome.com.cn/price/series-3872.html
Jeep,牧马人,54,https://car.autohome.com.cn/price/series-121.html
Jeep,大切诺基(进口),73,https://car.autohome.com.cn/price/series-521.html
Jeep,指南者(进口),41,https://car.autohome.com.cn/price/series-504.html
Jeep,自由光(进口),6,https://car.autohome.com.cn/price/series-3062.html
Jeep,自由人,1,https://car.autohome.com.cn/price/series-263.html
Jeep,自由客 (停售),19,https://car.autohome.com.cn/price/series-777.html
Jeep,指挥官经典 (停售),4,https://car.autohome.com.cn/price/series-503.html
Jeep,大切诺基 SRT,4,https://car.autohome.com.cn/price/series-3048.html
吉利汽车,金刚,53,https://car.autohome.com.cn/price/series-447.html
吉利汽车,缤瑞,7,https://car.autohome.com.cn/price/series-4702.html
吉利汽车,帝豪,56,https://car.autohome.com.cn/price/series-3556.html
吉利汽车,帝豪GL,14,https://car.autohome.com.cn/price/series-4139.html
吉利汽车,帝豪新能源,14,https://car.autohome.com.cn/price/series-4342.html
吉利汽车,远景,48,https://car.autohome.com.cn/price/series-474.html
吉利汽车,博瑞,28,https://car.autohome.com.cn/price/series-3589.html
吉利汽车,博瑞GE,5,https://car.autohome.com.cn/price/series-4762.html
吉利汽车,博瑞GE新能源,3,https://car.autohome.com.cn/price/series-4756.html
吉利汽车,缤越,5,https://car.autohome.com.cn/price/series-4701.html
吉利汽车,远景X1,4,https://car.autohome.com.cn/price/series-4293.html
吉利汽车,远景X3,6,https://car.autohome.com.cn/price/series-4481.html
吉利汽车,博越,25,https://car.autohome.com.cn/price/series-3788.html
吉利汽车,帝豪GS,23,https://car.autohome.com.cn/price/series-3465.html
吉利汽车,帝豪GSe,4,https://car.autohome.com.cn/price/series-4852.html
吉利汽车,远景S1,8,https://car.autohome.com.cn/price/series-4491.html
吉利汽车,远景SUV,12,https://car.autohome.com.cn/price/series-4133.html
吉利汽车,吉利GX2 (停售),7,https://car.autohome.com.cn/price/series-2192.html
吉利汽车,熊猫 (停售),54,https://car.autohome.com.cn/price/series-608.html
吉利汽车,豪情 (停售),15,https://car.autohome.com.cn/price/series-133.html
吉利汽车,吉利SC3 (停售),6,https://car.autohome.com.cn/price/series-2840.html
吉利汽车,吉利SC5-RV (停售),3,https://car.autohome.com.cn/price/series-2111.html
吉利汽车,金刚财富 (停售),6,https://car.autohome.com.cn/price/series-2156.html
吉利汽车,金鹰 (停售),21,https://car.autohome.com.cn/price/series-609.html
吉利汽车,英伦C5 (停售),19,https://car.autohome.com.cn/price/series-132.html
吉利汽车,优利欧 (停售),13,https://car.autohome.com.cn/price/series-421.html
吉利汽车,自由舰 (停售),45,https://car.autohome.com.cn/price/series-409.html
吉利汽车,海景 (停售),31,https://car.autohome.com.cn/price/series-2051.html
吉利汽车,吉利GC7 (停售),14,https://car.autohome.com.cn/price/series-2155.html
吉利汽车,经典帝豪 (停售),57,https://car.autohome.com.cn/price/series-799.html
吉利汽车,吉利EC8 (停售),27,https://car.autohome.com.cn/price/series-801.html
吉利汽车,吉利GX7 (停售),51,https://car.autohome.com.cn/price/series-989.html
吉利汽车,吉利SX7 (停售),17,https://car.autohome.com.cn/price/series-2964.html
吉利汽车,豪情SUV (停售),8,https://car.autohome.com.cn/price/series-3467.html
吉利汽车,英伦TX4 (停售),4,https://car.autohome.com.cn/price/series-841.html
吉利汽车,美人豹 (停售),8,https://car.autohome.com.cn/price/series-138.html
吉利汽车,中国龙 (停售),2,https://car.autohome.com.cn/price/series-611.html
江淮,江淮iEV6E,6,https://car.autohome.com.cn/price/series-4088.html
江淮,江淮iEV,8,https://car.autohome.com.cn/price/series-3395.html
江淮,江淮iEVA50,3,https://car.autohome.com.cn/price/series-4628.html
江淮,瑞风A60,5,https://car.autohome.com.cn/price/series-3363.html
江淮,江淮iEV7S,2,https://car.autohome.com.cn/price/series-4444.html
江淮,瑞风S2,24,https://car.autohome.com.cn/price/series-3545.html
江淮,瑞风S2mini,5,https://car.autohome.com.cn/price/series-4087.html
江淮,瑞风S3,37,https://car.autohome.com.cn/price/series-3080.html
江淮,瑞风S5,29,https://car.autohome.com.cn/price/series-2752.html
江淮,瑞风S7,39,https://car.autohome.com.cn/price/series-4234.html
江淮,瑞风M3,20,https://car.autohome.com.cn/price/series-3351.html
江淮,瑞风M4,32,https://car.autohome.com.cn/price/series-4090.html
江淮,瑞风M5,33,https://car.autohome.com.cn/price/series-2543.html
江淮,瑞风M6,3,https://car.autohome.com.cn/price/series-3061.html
江淮,瑞风R3,8,https://car.autohome.com.cn/price/series-4619.html
江淮,凌铃,6,https://car.autohome.com.cn/price/series-3490.html
江淮,星锐,40,https://car.autohome.com.cn/price/series-2569.html
江淮,江淮V7,8,https://car.autohome.com.cn/price/series-4710.html
江淮,帅铃T6,60,https://car.autohome.com.cn/price/series-3546.html
江淮,帅铃T8,16,https://car.autohome.com.cn/price/series-4847.html
江淮,瑞风,46,https://car.autohome.com.cn/price/series-2541.html
江淮,悦悦 (停售),19,https://car.autohome.com.cn/price/series-828.html
江淮,和悦A13 (停售),3,https://car.autohome.com.cn/price/series-3407.html
江淮,和悦A13RS (停售),4,https://car.autohome.com.cn/price/series-3408.html
江淮,和悦A30 (停售),13,https://car.autohome.com.cn/price/series-2956.html
江淮,同悦 (停售),16,https://car.autohome.com.cn/price/series-660.html
江淮,同悦RS (停售),19,https://car.autohome.com.cn/price/series-617.html
江淮,和悦 (停售),40,https://car.autohome.com.cn/price/series-616.html
江淮,宾悦 (停售),33,https://car.autohome.com.cn/price/series-567.html
江淮,江淮iEV6S (停售),1,https://car.autohome.com.cn/price/series-3961.html
江淮,瑞鹰 (停售),35,https://car.autohome.com.cn/price/series-572.html
江淮,瑞风M2 (停售),55,https://car.autohome.com.cn/price/series-816.html
江淮,江淮K3 (停售),18,https://car.autohome.com.cn/price/series-3443.html
江淮,江淮K5 (停售),22,https://car.autohome.com.cn/price/series-3444.html
江淮,瑞铃 (停售),81,https://car.autohome.com.cn/price/series-2581.html
江淮,征途 (停售),3,https://car.autohome.com.cn/price/series-3456.html
江铃,域虎新能源,1,https://car.autohome.com.cn/price/series-4995.html
江铃,特顺,17,https://car.autohome.com.cn/price/series-4209.html
江铃,宝典,75,https://car.autohome.com.cn/price/series-2514.html
江铃,域虎3,16,https://car.autohome.com.cn/price/series-4930.html
江铃,域虎5,8,https://car.autohome.com.cn/price/series-4931.html
江铃,域虎7,40,https://car.autohome.com.cn/price/series-2860.html
江铃,宝威 (停售),4,https://car.autohome.com.cn/price/series-2674.html
江铃集团轻汽,骐铃T100,28,https://car.autohome.com.cn/price/series-4493.html
江铃集团轻汽,骐铃T5,68,https://car.autohome.com.cn/price/series-3466.html
江铃集团轻汽,骐铃T7,171,https://car.autohome.com.cn/price/series-3639.html
江铃集团轻汽,骐铃T3 (停售),4,https://car.autohome.com.cn/price/series-3981.html
江铃集团新能源,江铃E100B,2,https://car.autohome.com.cn/price/series-3681.html
江铃集团新能源,江铃E200L,4,https://car.autohome.com.cn/price/series-4149.html
江铃集团新能源,江铃E200N,4,https://car.autohome.com.cn/price/series-4388.html
江铃集团新能源,江铃E160,4,https://car.autohome.com.cn/price/series-4375.html
江铃集团新能源,江铃E400,3,https://car.autohome.com.cn/price/series-4765.html
捷豹,捷豹XEL,7,https://car.autohome.com.cn/price/series-4462.html
捷豹,捷豹XFL,18,https://car.autohome.com.cn/price/series-4083.html
捷豹,捷豹E-PACE,6,https://car.autohome.com.cn/price/series-4663.html
捷豹,捷豹XE,11,https://car.autohome.com.cn/price/series-3312.html
捷豹,捷豹XF,45,https://car.autohome.com.cn/price/series-589.html
捷豹,捷豹XJ,61,https://car.autohome.com.cn/price/series-178.html
捷豹,捷豹F-PACE,15,https://car.autohome.com.cn/price/series-3209.html
捷豹,捷豹I-PACE,4,https://car.autohome.com.cn/price/series-4251.html
捷豹,捷豹F-TYPE,30,https://car.autohome.com.cn/price/series-2903.html
捷豹,捷豹XK,10,https://car.autohome.com.cn/price/series-456.html
捷豹,捷豹X-Type (停售),1,https://car.autohome.com.cn/price/series-328.html
捷豹,捷豹S-Type (停售),4,https://car.autohome.com.cn/price/series-258.html
捷途,捷途X70,8,https://car.autohome.com.cn/price/series-4683.html
金杯,金杯F50,9,https://car.autohome.com.cn/price/series-4294.html
金杯,阁瑞斯,110,https://car.autohome.com.cn/price/series-2537.html
金杯,金杯大海狮,44,https://car.autohome.com.cn/price/series-2545.html
金杯,金杯海狮,77,https://car.autohome.com.cn/price/series-2810.html
金杯,金杯快运,7,https://car.autohome.com.cn/price/series-4237.html
金杯,金杯S50 (停售),7,https://car.autohome.com.cn/price/series-2402.html
金杯,华晨金杯750,10,https://car.autohome.com.cn/price/series-3763.html
金杯,海狮X30L,24,https://car.autohome.com.cn/price/series-3955.html
金杯,小海狮X30,23,https://car.autohome.com.cn/price/series-3136.html
金杯,海星T20,12,https://car.autohome.com.cn/price/series-2712.html
金杯,海星T22,8,https://car.autohome.com.cn/price/series-2837.html
金杯,金杯T30,16,https://car.autohome.com.cn/price/series-3721.html
金杯,金杯T32,20,https://car.autohome.com.cn/price/series-3722.html
金杯,金杯T50,10,https://car.autohome.com.cn/price/series-4311.html
金杯,金杯T52,10,https://car.autohome.com.cn/price/series-4312.html
金杯,海狮S,8,https://car.autohome.com.cn/price/series-4964.html
金杯,海星A7 (停售),8,https://car.autohome.com.cn/price/series-2601.html
金杯,海星A9 (停售),3,https://car.autohome.com.cn/price/series-2711.html
金杯,智尚S35,6,https://car.autohome.com.cn/price/series-3898.html
金杯,金杯S70,9,https://car.autohome.com.cn/price/series-3515.html
金杯,西部牛仔,16,https://car.autohome.com.cn/price/series-3853.html
金杯,大力神K5,20,https://car.autohome.com.cn/price/series-4076.html
金杯,金典,26,https://car.autohome.com.cn/price/series-2660.html
金杯,小金牛,6,https://car.autohome.com.cn/price/series-3868.html
金杯,大力神,36,https://car.autohome.com.cn/price/series-2659.html
金杯,智尚S30 (停售),19,https://car.autohome.com.cn/price/series-2325.html
金杯,雷龙 (停售),11,https://car.autohome.com.cn/price/series-2665.html
金龙,金威,69,https://car.autohome.com.cn/price/series-2986.html
金龙,凯歌,28,https://car.autohome.com.cn/price/series-2985.html
金龙,凯锐浩克,9,https://car.autohome.com.cn/price/series-4850.html
金龙,凯特,8,https://car.autohome.com.cn/price/series-3549.html
金旅,金旅大海狮,2,https://car.autohome.com.cn/price/series-3886.html
金旅,金旅大海狮新能源,1,https://car.autohome.com.cn/price/series-3885.html
金旅,金旅海狮,8,https://car.autohome.com.cn/price/series-2976.html
金旅,金旅海狮新能源,3,https://car.autohome.com.cn/price/series-4601.html
九龙,艾菲新能源,3,https://car.autohome.com.cn/price/series-4777.html
九龙,艾菲,9,https://car.autohome.com.cn/price/series-3320.html
九龙,九龙A4,11,https://car.autohome.com.cn/price/series-3628.html
九龙,九龙A5,11,https://car.autohome.com.cn/price/series-2573.html
九龙,九龙A6,10,https://car.autohome.com.cn/price/series-2576.html
九龙,九龙C6,2,https://car.autohome.com.cn/price/series-4860.html
九龙,考斯特,2,https://car.autohome.com.cn/price/series-3194.html
九龙,大MPV (停售),5,https://car.autohome.com.cn/price/series-2582.html
君马汽车,君马MEET 3,8,https://car.autohome.com.cn/price/series-4555.html
君马汽车,君马S70,26,https://car.autohome.com.cn/price/series-4519.html
君马汽车,君马SEEK 5,8,https://car.autohome.com.cn/price/series-4696.html
KTM,X-BOW,1,https://car.autohome.com.cn/price/series-911.html
卡尔森,卡尔森 CCA22,1,https://car.autohome.com.cn/price/series-4912.html
卡尔森,卡尔森 S级 (停售),2,https://car.autohome.com.cn/price/series-2611.html
卡尔森,卡尔森 GL级 (停售),2,https://car.autohome.com.cn/price/series-2610.html
卡升,卡升C10,4,https://car.autohome.com.cn/price/series-3656.html
卡升,卡升T6,1,https://car.autohome.com.cn/price/series-4447.html
卡升,卡升V-Class,1,https://car.autohome.com.cn/price/series-4448.html
卡升,卡升威霆,6,https://car.autohome.com.cn/price/series-3655.html
卡威,卡威W1新能源,1,https://car.autohome.com.cn/price/series-4482.html
卡威,路易斯,2,https://car.autohome.com.cn/price/series-4563.html
卡威,卡威K1,16,https://car.autohome.com.cn/price/series-3360.html
卡威,卡威K150GT,18,https://car.autohome.com.cn/price/series-4557.html
卡威,卡威W1 (停售),6,https://car.autohome.com.cn/price/series-3511.html
卡威,卡威K150 (停售),21,https://car.autohome.com.cn/price/series-4172.html
开瑞,开瑞K60,16,https://car.autohome.com.cn/price/series-4039.html
开瑞,开瑞K60EV,2,https://car.autohome.com.cn/price/series-4897.html
开瑞,开瑞K50,33,https://car.autohome.com.cn/price/series-3384.html
开瑞,开瑞K50EV,1,https://car.autohome.com.cn/price/series-4478.html
开瑞,优优,48,https://car.autohome.com.cn/price/series-2476.html
开瑞,优优2代,11,https://car.autohome.com.cn/price/series-3017.html
开瑞,优优EV,2,https://car.autohome.com.cn/price/series-4477.html
开瑞,优劲,48,https://car.autohome.com.cn/price/series-2496.html
开瑞,优劲EV,2,https://car.autohome.com.cn/price/series-4854.html
开瑞,优翼 (停售),3,https://car.autohome.com.cn/price/series-517.html
开瑞,优派 (停售),3,https://car.autohome.com.cn/price/series-2489.html
开瑞,优胜 (停售),1,https://car.autohome.com.cn/price/series-2492.html
开瑞,优胜2代 (停售),10,https://car.autohome.com.cn/price/series-2493.html
开瑞,优雅 (停售),14,https://car.autohome.com.cn/price/series-2484.html
开瑞,优雅2代 (停售),5,https://car.autohome.com.cn/price/series-3156.html
开瑞,杰虎 (停售),12,https://car.autohome.com.cn/price/series-3854.html
凯迪拉克,凯迪拉克ATS-L,17,https://car.autohome.com.cn/price/series-3207.html
凯迪拉克,凯迪拉克CT6,16,https://car.autohome.com.cn/price/series-3802.html
凯迪拉克,凯迪拉克CT6 PLUG-IN,2,https://car.autohome.com.cn/price/series-4334.html
凯迪拉克,凯迪拉克XTS,29,https://car.autohome.com.cn/price/series-2949.html
凯迪拉克,凯迪拉克XT4,7,https://car.autohome.com.cn/price/series-4856.html
凯迪拉克,凯迪拉克XT5,19,https://car.autohome.com.cn/price/series-3989.html
凯迪拉克,SLS赛威 (停售),13,https://car.autohome.com.cn/price/series-488.html
凯迪拉克,凯迪拉克CTS (停售),6,https://car.autohome.com.cn/price/series-970.html
凯迪拉克,凯雷德ESCALADE,7,https://car.autohome.com.cn/price/series-462.html
凯迪拉克,凯迪拉克ATS(进口),4,https://car.autohome.com.cn/price/series-2629.html
凯迪拉克,凯迪拉克CTS(进口),26,https://car.autohome.com.cn/price/series-311.html
凯迪拉克,凯迪拉克SRX (停售),39,https://car.autohome.com.cn/price/series-49.html
凯迪拉克,凯迪拉克XLR (停售),2,https://car.autohome.com.cn/price/series-426.html
凯翼,凯翼C3,8,https://car.autohome.com.cn/price/series-3586.html
凯翼,凯翼C3R,8,https://car.autohome.com.cn/price/series-3581.html
凯翼,凯翼E3,10,https://car.autohome.com.cn/price/series-4474.html
凯翼,凯翼X3,27,https://car.autohome.com.cn/price/series-3983.html
凯翼,凯翼V3,7,https://car.autohome.com.cn/price/series-3971.html
凯翼,凯翼X5,6,https://car.autohome.com.cn/price/series-4095.html
科尼赛克,Agera,1,https://car.autohome.com.cn/price/series-2068.html
科尼赛克,科尼赛克CCX (停售),1,https://car.autohome.com.cn/price/series-731.html
科尼赛克,科尼赛克CCXR (停售),2,https://car.autohome.com.cn/price/series-732.html
克莱斯勒,铂锐 (停售),4,https://car.autohome.com.cn/price/series-566.html
克莱斯勒,克莱斯勒300C (停售),5,https://car.autohome.com.cn/price/series-487.html
克莱斯勒,大捷龙 (停售),5,https://car.autohome.com.cn/price/series-227.html
克莱斯勒,克莱斯勒300C(进口),11,https://car.autohome.com.cn/price/series-342.html
克莱斯勒,大捷龙(进口),3,https://car.autohome.com.cn/price/series-2207.html
克莱斯勒,大捷龙PHEV(进口),1,https://car.autohome.com.cn/price/series-4604.html
克莱斯勒,PT 漫步者 (停售),2,https://car.autohome.com.cn/price/series-380.html
克莱斯勒,交叉火力 (停售),1,https://car.autohome.com.cn/price/series-222.html
LITE,LITE,4,https://car.autohome.com.cn/price/series-4522.html
LOCAL MOTORS,RALLY FIGHTER,1,https://car.autohome.com.cn/price/series-3864.html
Lorinser,Lorinser S级 (停售),4,https://car.autohome.com.cn/price/series-2102.html
Lorinser,Lorinser M级 (停售),2,https://car.autohome.com.cn/price/series-2103.html
Lorinser,Lorinser MAYBACH S650,1,https://car.autohome.com.cn/price/series-4916.html
Lorinser,Lorinser GS500,1,https://car.autohome.com.cn/price/series-4600.html
Lorinser,Lorinser MS500L,1,https://car.autohome.com.cn/price/series-4865.html
Lorinser,Lorinser VS系列,3,https://car.autohome.com.cn/price/series-4464.html
Lorinser,Metris MS500,2,https://car.autohome.com.cn/price/series-4379.html
Lorinser,Sprinter LS500,1,https://car.autohome.com.cn/price/series-4378.html
兰博基尼,Urus,1,https://car.autohome.com.cn/price/series-2775.html
兰博基尼,Huracán,8,https://car.autohome.com.cn/price/series-3277.html
兰博基尼,Aventador,6,https://car.autohome.com.cn/price/series-2277.html
兰博基尼,Gallardo (停售),12,https://car.autohome.com.cn/price/series-354.html
兰博基尼,Murcielago (停售),5,https://car.autohome.com.cn/price/series-174.html
兰博基尼,Reventon (停售),1,https://car.autohome.com.cn/price/series-727.html
劳斯莱斯,库里南,2,https://car.autohome.com.cn/price/series-3778.html
劳斯莱斯,幻影,12,https://car.autohome.com.cn/price/series-265.html
劳斯莱斯,古思特,10,https://car.autohome.com.cn/price/series-836.html
劳斯莱斯,魅影,2,https://car.autohome.com.cn/price/series-3015.html
劳斯莱斯,曜影,1,https://car.autohome.com.cn/price/series-3838.html
雷克萨斯,雷克萨斯CT,29,https://car.autohome.com.cn/price/series-2063.html
雷克萨斯,雷克萨斯IS,31,https://car.autohome.com.cn/price/series-201.html
雷克萨斯,雷克萨斯ES,46,https://car.autohome.com.cn/price/series-403.html
雷克萨斯,雷克萨斯GS,32,https://car.autohome.com.cn/price/series-261.html
雷克萨斯,雷克萨斯LS,28,https://car.autohome.com.cn/price/series-341.html
雷克萨斯,雷克萨斯NX,28,https://car.autohome.com.cn/price/series-3442.html
雷克萨斯,雷克萨斯RX,10,https://car.autohome.com.cn/price/series-3934.html
雷克萨斯,雷克萨斯LX,14,https://car.autohome.com.cn/price/series-352.html
雷克萨斯,雷克萨斯LC,3,https://car.autohome.com.cn/price/series-2623.html
雷克萨斯,雷克萨斯RC,6,https://car.autohome.com.cn/price/series-3758.html
雷克萨斯,雷克萨斯RX经典 (停售),28,https://car.autohome.com.cn/price/series-351.html
雷克萨斯,雷克萨斯GX (停售),7,https://car.autohome.com.cn/price/series-112.html
雷克萨斯,雷克萨斯SC (停售),3,https://car.autohome.com.cn/price/series-332.html
雷克萨斯,雷克萨斯RC F,9,https://car.autohome.com.cn/price/series-3238.html
雷克萨斯,雷克萨斯LFA (停售),1,https://car.autohome.com.cn/price/series-697.html
雷诺,科雷傲,16,https://car.autohome.com.cn/price/series-4098.html
雷诺,科雷嘉,12,https://car.autohome.com.cn/price/series-3870.html
雷诺,风朗,11,https://car.autohome.com.cn/price/series-908.html
雷诺,卡缤,8,https://car.autohome.com.cn/price/series-2268.html
雷诺,Espace,3,https://car.autohome.com.cn/price/series-2029.html
雷诺,梅甘娜,7,https://car.autohome.com.cn/price/series-196.html
雷诺,塔利斯曼,8,https://car.autohome.com.cn/price/series-2765.html
雷诺,科雷傲(进口),56,https://car.autohome.com.cn/price/series-686.html
雷诺,风景,14,https://car.autohome.com.cn/price/series-199.html
雷诺,拉古那 (停售),8,https://car.autohome.com.cn/price/series-188.html
雷诺,纬度 (停售),18,https://car.autohome.com.cn/price/series-2184.html
雷诺,威赛帝 (停售),1,https://car.autohome.com.cn/price/series-257.html
理念,理念S1 (停售),15,https://car.autohome.com.cn/price/series-2248.html
理想智造,理想智造ONE,1,https://car.autohome.com.cn/price/series-4974.html
力帆汽车,力帆650,2,https://car.autohome.com.cn/price/series-4124.html
力帆汽车,力帆330EV,4,https://car.autohome.com.cn/price/series-4332.html
力帆汽车,力帆620EV,4,https://car.autohome.com.cn/price/series-4329.html
力帆汽车,力帆650EV,2,https://car.autohome.com.cn/price/series-4773.html
力帆汽车,力帆820,5,https://car.autohome.com.cn/price/series-3326.html
力帆汽车,力帆820EV,4,https://car.autohome.com.cn/price/series-4977.html
力帆汽车,力帆X50,6,https://car.autohome.com.cn/price/series-3220.html
力帆汽车,力帆X60,14,https://car.autohome.com.cn/price/series-2134.html
力帆汽车,迈威,8,https://car.autohome.com.cn/price/series-3987.html
力帆汽车,迈威新能源,1,https://car.autohome.com.cn/price/series-4873.html
力帆汽车,力帆X80,5,https://car.autohome.com.cn/price/series-3759.html
力帆汽车,轩朗,12,https://car.autohome.com.cn/price/series-4194.html
力帆汽车,丰顺,12,https://car.autohome.com.cn/price/series-2503.html
力帆汽车,福顺,4,https://car.autohome.com.cn/price/series-2800.html
力帆汽车,乐途,10,https://car.autohome.com.cn/price/series-3631.html
力帆汽车,兴顺,8,https://car.autohome.com.cn/price/series-2502.html
力帆汽车,力帆T11,6,https://car.autohome.com.cn/price/series-3228.html
力帆汽车,力帆T21,2,https://car.autohome.com.cn/price/series-3229.html
力帆汽车,力帆320 (停售),18,https://car.autohome.com.cn/price/series-597.html
力帆汽车,力帆330 (停售),6,https://car.autohome.com.cn/price/series-3082.html
力帆汽车,力帆530 (停售),9,https://car.autohome.com.cn/price/series-2957.html
力帆汽车,力帆520 (停售),41,https://car.autohome.com.cn/price/series-443.html
力帆汽车,力帆620 (停售),26,https://car.autohome.com.cn/price/series-596.html
力帆汽车,力帆630 (停售),10,https://car.autohome.com.cn/price/series-3083.html
力帆汽车,力帆720 (停售),18,https://car.autohome.com.cn/price/series-2312.html
莲花汽车,竞速 (停售),6,https://car.autohome.com.cn/price/series-583.html
莲花汽车,竞悦 (停售),2,https://car.autohome.com.cn/price/series-691.html
莲花汽车,莲花L3 (停售),19,https://car.autohome.com.cn/price/series-928.html
莲花汽车,莲花L5 (停售),37,https://car.autohome.com.cn/price/series-2125.html
猎豹汽车,猎豹CS9,15,https://car.autohome.com.cn/price/series-4111.html
猎豹汽车,猎豹CS9新能源,5,https://car.autohome.com.cn/price/series-4428.html
猎豹汽车,Mattu,7,https://car.autohome.com.cn/price/series-4682.html
猎豹汽车,猎豹CS10,32,https://car.autohome.com.cn/price/series-3472.html
猎豹汽车,黑金刚,16,https://car.autohome.com.cn/price/series-961.html
猎豹汽车,猎豹Q6,9,https://car.autohome.com.cn/price/series-3150.html
猎豹汽车,猎豹CT7,20,https://car.autohome.com.cn/price/series-4126.html
猎豹汽车,飞腾 (停售),21,https://car.autohome.com.cn/price/series-706.html
猎豹汽车,猎豹CS7 (停售),8,https://car.autohome.com.cn/price/series-815.html
猎豹汽车,飞腾C5 (停售),2,https://car.autohome.com.cn/price/series-3124.html
猎豹汽车,猎豹C5EV (停售),2,https://car.autohome.com.cn/price/series-4112.html
猎豹汽车,猎豹6481 (停售),4,https://car.autohome.com.cn/price/series-962.html
猎豹汽车,猎豹CS6 (停售),17,https://car.autohome.com.cn/price/series-569.html
猎豹汽车,骐菱 (停售),3,https://car.autohome.com.cn/price/series-568.html
猎豹汽车,飞铃 (停售),4,https://car.autohome.com.cn/price/series-2520.html
猎豹汽车,飞扬 (停售),5,https://car.autohome.com.cn/price/series-2521.html
猎豹汽车,猎豹CT5 (停售),8,https://car.autohome.com.cn/price/series-3034.html
林肯,林肯MKZ,23,https://car.autohome.com.cn/price/series-793.html
林肯,林肯大陆,11,https://car.autohome.com.cn/price/series-3731.html
林肯,林肯MKC,20,https://car.autohome.com.cn/price/series-2991.html
林肯,林肯MKX,13,https://car.autohome.com.cn/price/series-758.html
林肯,领航员,7,https://car.autohome.com.cn/price/series-95.html
林肯,林肯MKT,1,https://car.autohome.com.cn/price/series-794.html
林肯,林肯MKS (停售),1,https://car.autohome.com.cn/price/series-869.html
林肯,城市 (停售),2,https://car.autohome.com.cn/price/series-103.html
铃木,北斗星,54,https://car.autohome.com.cn/price/series-75.html
铃木,北斗星X5,12,https://car.autohome.com.cn/price/series-3216.html
铃木,利亚纳A6,31,https://car.autohome.com.cn/price/series-3112.html
铃木,派喜 (停售),6,https://car.autohome.com.cn/price/series-2049.html
铃木,利亚纳 (停售),47,https://car.autohome.com.cn/price/series-432.html
铃木,浪迪 (停售),13,https://car.autohome.com.cn/price/series-2534.html
铃木,奥拓,25,https://car.autohome.com.cn/price/series-872.html
铃木,雨燕,62,https://car.autohome.com.cn/price/series-362.html
铃木,启悦,8,https://car.autohome.com.cn/price/series-3528.html
铃木,天语 SX4,69,https://car.autohome.com.cn/price/series-529.html
铃木,维特拉,10,https://car.autohome.com.cn/price/series-3858.html
铃木,骁途,7,https://car.autohome.com.cn/price/series-4435.html
铃木,羚羊 (停售),18,https://car.autohome.com.cn/price/series-94.html
铃木,天语 尚悦 (停售),12,https://car.autohome.com.cn/price/series-2242.html
铃木,锋驭 (停售),13,https://car.autohome.com.cn/price/series-3185.html
铃木,吉姆尼(进口),28,https://car.autohome.com.cn/price/series-508.html
铃木,英格尼斯,1,https://car.autohome.com.cn/price/series-3926.html
铃木,超级维特拉,18,https://car.autohome.com.cn/price/series-500.html
铃木,速翼特,2,https://car.autohome.com.cn/price/series-2176.html
铃木,凯泽西 (停售),12,https://car.autohome.com.cn/price/series-892.html
零跑汽车,零跑S01,1,https://car.autohome.com.cn/price/series-4677.html
领克,领克03,6,https://car.autohome.com.cn/price/series-4402.html
领克,领克01,7,https://car.autohome.com.cn/price/series-4221.html
领克,领克01新能源,3,https://car.autohome.com.cn/price/series-4840.html
领克,领克02,8,https://car.autohome.com.cn/price/series-4616.html
领途汽车,领途K-ONE,4,https://car.autohome.com.cn/price/series-4955.html
领途汽车,领途E行,2,https://car.autohome.com.cn/price/series-4589.html
陆地方舟,威途X35,5,https://car.autohome.com.cn/price/series-4509.html
陆地方舟,艾威 (停售),2,https://car.autohome.com.cn/price/series-3436.html
陆地方舟,陆地方舟风尚 (停售),1,https://car.autohome.com.cn/price/series-3439.html
陆地方舟,陆地方舟V5 (停售),2,https://car.autohome.com.cn/price/series-3438.html
陆风,陆风X2,9,https://car.autohome.com.cn/price/series-4302.html
陆风,陆风X5,27,https://car.autohome.com.cn/price/series-2883.html
陆风,陆风X7,10,https://car.autohome.com.cn/price/series-3413.html
陆风,陆风X8,83,https://car.autohome.com.cn/price/series-833.html
陆风,陆风逍遥,13,https://car.autohome.com.cn/price/series-4233.html
陆风,风华 (停售),4,https://car.autohome.com.cn/price/series-571.html
陆风,陆风X6 (停售),31,https://car.autohome.com.cn/price/series-501.html
陆风,陆风X9 (停售),17,https://car.autohome.com.cn/price/series-635.html
陆风,风尚 (停售),15,https://car.autohome.com.cn/price/series-468.html
路虎,发现神行,17,https://car.autohome.com.cn/price/series-3871.html
路虎,揽胜极光,21,https://car.autohome.com.cn/price/series-3521.html
路虎,揽胜极光(进口),26,https://car.autohome.com.cn/price/series-754.html
路虎,揽胜星脉,19,https://car.autohome.com.cn/price/series-4316.html
路虎,发现,49,https://car.autohome.com.cn/price/series-802.html
路虎,揽胜运动版,54,https://car.autohome.com.cn/price/series-850.html
路虎,揽胜,60,https://car.autohome.com.cn/price/series-69.html
路虎,揽胜新能源,1,https://car.autohome.com.cn/price/series-4579.html
路虎,揽胜运动版新能源,1,https://car.autohome.com.cn/price/series-4569.html
路虎,发现神行(进口),2,https://car.autohome.com.cn/price/series-3565.html
路虎,卫士,1,https://car.autohome.com.cn/price/series-256.html
路虎,神行者2 (停售),33,https://car.autohome.com.cn/price/series-77.html
路虎,神行者 (停售),2,https://car.autohome.com.cn/price/series-3177.html
路特斯,Evora,6,https://car.autohome.com.cn/price/series-681.html
路特斯,Exige,3,https://car.autohome.com.cn/price/series-891.html
路特斯,Elise,5,https://car.autohome.com.cn/price/series-272.html
罗夫哈特,罗夫哈特GR500,2,https://car.autohome.com.cn/price/series-4988.html
MINI,MINI,105,https://car.autohome.com.cn/price/series-209.html
MINI,MINI CLUBMAN,35,https://car.autohome.com.cn/price/series-749.html
MINI,MINI COUNTRYMAN,43,https://car.autohome.com.cn/price/series-750.html
MINI,MINI ROADSTER (停售),2,https://car.autohome.com.cn/price/series-930.html
MINI,MINI PACEMAN (停售),6,https://car.autohome.com.cn/price/series-2241.html
MINI,MINI COUPE (停售),2,https://car.autohome.com.cn/price/series-904.html
MINI,MINI JCW,8,https://car.autohome.com.cn/price/series-3178.html
MINI,MINI JCW CLUBMAN,3,https://car.autohome.com.cn/price/series-3179.html
MINI,MINI JCW COUNTRYMAN,4,https://car.autohome.com.cn/price/series-3181.html
MINI,MINI JCW PACEMAN (停售),2,https://car.autohome.com.cn/price/series-3182.html
MINI,MINI JCW COUPE (停售),1,https://car.autohome.com.cn/price/series-3180.html
马自达,马自达3 Axela昂克赛拉,36,https://car.autohome.com.cn/price/series-3294.html
马自达,马自达CX-5,22,https://car.autohome.com.cn/price/series-2987.html
马自达,马自达2 (停售),23,https://car.autohome.com.cn/price/series-433.html
马自达,马自达2劲翔 (停售),11,https://car.autohome.com.cn/price/series-641.html
马自达,马自达3 (停售),18,https://car.autohome.com.cn/price/series-363.html
马自达,马自达3星骋 (停售),20,https://car.autohome.com.cn/price/series-2418.html
马自达,阿特兹,24,https://car.autohome.com.cn/price/series-3154.html
马自达,马自达CX-4,19,https://car.autohome.com.cn/price/series-3968.html
马自达,马自达6 (停售),37,https://car.autohome.com.cn/price/series-22.html
马自达,睿翼 (停售),20,https://car.autohome.com.cn/price/series-655.html
马自达,马自达CX-7 (停售),5,https://car.autohome.com.cn/price/series-3066.html
马自达,马自达8 (停售),9,https://car.autohome.com.cn/price/series-2118.html
马自达,马自达CX-3,2,https://car.autohome.com.cn/price/series-3538.html
马自达,马自达MX-5,5,https://car.autohome.com.cn/price/series-672.html
马自达,马自达3(进口),7,https://car.autohome.com.cn/price/series-584.html
马自达,ATENZA,1,https://car.autohome.com.cn/price/series-3096.html
马自达,马自达CX-5(进口),5,https://car.autohome.com.cn/price/series-2391.html
马自达,马自达CX-9,1,https://car.autohome.com.cn/price/series-1005.html
马自达,马自达CX-7(进口) (停售),2,https://car.autohome.com.cn/price/series-658.html
马自达,马自达5 (停售),9,https://car.autohome.com.cn/price/series-578.html
马自达,马自达8(进口) (停售),1,https://car.autohome.com.cn/price/series-304.html
马自达,马自达RX-8 (停售),3,https://car.autohome.com.cn/price/series-295.html
玛莎拉蒂,Ghibli,8,https://car.autohome.com.cn/price/series-3060.html
玛莎拉蒂,总裁,25,https://car.autohome.com.cn/price/series-289.html
玛莎拉蒂,Levante,10,https://car.autohome.com.cn/price/series-2428.html
玛莎拉蒂,GranTurismo,7,https://car.autohome.com.cn/price/series-551.html
玛莎拉蒂,GranCabrio,4,https://car.autohome.com.cn/price/series-903.html
玛莎拉蒂,Coupe,2,https://car.autohome.com.cn/price/series-322.html
玛莎拉蒂,玛莎拉蒂Spyder (停售),1,https://car.autohome.com.cn/price/series-191.html
迈巴赫,迈巴赫 (停售),4,https://car.autohome.com.cn/price/series-389.html
迈凯伦,迈凯伦540C,2,https://car.autohome.com.cn/price/series-3809.html
迈凯伦,迈凯伦570,5,https://car.autohome.com.cn/price/series-3767.html
迈凯伦,迈凯伦600LT,1,https://car.autohome.com.cn/price/series-4880.html
迈凯伦,迈凯伦720S,2,https://car.autohome.com.cn/price/series-4366.html
迈凯伦,迈凯伦P1,1,https://car.autohome.com.cn/price/series-2902.html
迈凯伦,迈凯伦650S,2,https://car.autohome.com.cn/price/series-3382.html
迈凯伦,迈凯伦675LT,1,https://car.autohome.com.cn/price/series-3733.html
迈凯伦,迈凯伦12C (停售),5,https://car.autohome.com.cn/price/series-2293.html
迈凯伦,迈凯伦625C (停售),2,https://car.autohome.com.cn/price/series-3620.html
名爵,名爵3,26,https://car.autohome.com.cn/price/series-2147.html
名爵,名爵3SW,11,https://car.autohome.com.cn/price/series-555.html
名爵,名爵6,60,https://car.autohome.com.cn/price/series-835.html
名爵,名爵6新能源,3,https://car.autohome.com.cn/price/series-4605.html
名爵,锐行,18,https://car.autohome.com.cn/price/series-3547.html
名爵,名爵ZS,18,https://car.autohome.com.cn/price/series-4247.html
名爵,名爵HS,9,https://car.autohome.com.cn/price/series-4868.html
名爵,锐腾,35,https://car.autohome.com.cn/price/series-3065.html
名爵,名爵5 (停售),16,https://car.autohome.com.cn/price/series-532.html
名爵,名爵7 (停售),32,https://car.autohome.com.cn/price/series-531.html
名爵,名爵TF (停售),2,https://car.autohome.com.cn/price/series-533.html
摩根,3 Wheeler,3,https://car.autohome.com.cn/price/series-3491.html
摩根,摩根4-4,1,https://car.autohome.com.cn/price/series-3153.html
摩根,摩根Aero,2,https://car.autohome.com.cn/price/series-2835.html
摩根,摩根Aero 8,1,https://car.autohome.com.cn/price/series-3736.html
摩根,摩根Plus 4,2,https://car.autohome.com.cn/price/series-3152.html
摩根,摩根Plus 8,1,https://car.autohome.com.cn/price/series-2836.html
摩根,摩根Roadster,2,https://car.autohome.com.cn/price/series-3151.html
NEVS国能汽车,国能汽车93,1,https://car.autohome.com.cn/price/series-4470.html
哪吒汽车,哪吒N01,3,https://car.autohome.com.cn/price/series-4879.html
纳智捷,纳5,21,https://car.autohome.com.cn/price/series-2988.html
纳智捷,锐3,7,https://car.autohome.com.cn/price/series-3939.html
纳智捷,U5 SUV,16,https://car.autohome.com.cn/price/series-4497.html
纳智捷,优6 SUV,42,https://car.autohome.com.cn/price/series-3293.html
纳智捷,大7 MPV,17,https://car.autohome.com.cn/price/series-3040.html
纳智捷,大7 SUV (停售),27,https://car.autohome.com.cn/price/series-2295.html
纳智捷,MASTER CEO (停售),2,https://car.autohome.com.cn/price/series-2296.html
南京金龙,开沃D07,4,https://car.autohome.com.cn/price/series-4639.html
南京金龙,开沃D08,1,https://car.autohome.com.cn/price/series-4640.html
南京金龙,开沃D09,1,https://car.autohome.com.cn/price/series-4641.html
南京金龙,开沃D10,1,https://car.autohome.com.cn/price/series-4642.html
南京金龙,开沃D11,21,https://car.autohome.com.cn/price/series-3432.html
讴歌,讴歌TLX-L,5,https://car.autohome.com.cn/price/series-4381.html
讴歌,讴歌CDX,11,https://car.autohome.com.cn/price/series-4096.html
讴歌,讴歌RDX,6,https://car.autohome.com.cn/price/series-4820.html
讴歌,讴歌MDX,14,https://car.autohome.com.cn/price/series-524.html
讴歌,讴歌NSX,1,https://car.autohome.com.cn/price/series-2641.html
讴歌,讴歌RDX(进口),5,https://car.autohome.com.cn/price/series-888.html
讴歌,讴歌ILX,2,https://car.autohome.com.cn/price/series-2642.html
讴歌,讴歌TLX,2,https://car.autohome.com.cn/price/series-3328.html
讴歌,讴歌RLX,2,https://car.autohome.com.cn/price/series-2748.html
讴歌,讴歌ZDX,1,https://car.autohome.com.cn/price/series-806.html
讴歌,讴歌TL (停售),7,https://car.autohome.com.cn/price/series-479.html
讴歌,讴歌RL (停售),3,https://car.autohome.com.cn/price/series-464.html
欧宝,雅特,17,https://car.autohome.com.cn/price/series-348.html
欧宝,英速亚,2,https://car.autohome.com.cn/price/series-653.html
欧宝,麦瑞纳,2,https://car.autohome.com.cn/price/series-2021.html
欧宝,赛飞利,8,https://car.autohome.com.cn/price/series-381.html
欧宝,威达 (停售),5,https://car.autohome.com.cn/price/series-182.html
欧宝,安德拉 (停售),14,https://car.autohome.com.cn/price/series-670.html
欧拉,欧拉R1,3,https://car.autohome.com.cn/price/series-4826.html
欧拉,欧拉iQ,3,https://car.autohome.com.cn/price/series-4678.html
欧朗,欧朗 (停售),10,https://car.autohome.com.cn/price/series-2563.html
欧尚汽车,欧尚COS1°(科赛),7,https://car.autohome.com.cn/price/series-4660.html
Polestar,Polestar 1,1,https://car.autohome.com.cn/price/series-4581.html
帕加尼,Huayra,1,https://car.autohome.com.cn/price/series-2263.html
奇瑞,艾瑞泽5,29,https://car.autohome.com.cn/price/series-3405.html
奇瑞,艾瑞泽7,38,https://car.autohome.com.cn/price/series-2980.html
奇瑞,艾瑞泽EX,7,https://car.autohome.com.cn/price/series-4971.html
奇瑞,艾瑞泽GX,8,https://car.autohome.com.cn/price/series-4787.html
奇瑞,瑞虎3,36,https://car.autohome.com.cn/price/series-3397.html
奇瑞,瑞虎3x,19,https://car.autohome.com.cn/price/series-4099.html
奇瑞,瑞虎5x,14,https://car.autohome.com.cn/price/series-4531.html
奇瑞,瑞虎7,30,https://car.autohome.com.cn/price/series-3766.html
奇瑞,瑞虎8,15,https://car.autohome.com.cn/price/series-4693.html
奇瑞,爱卡,2,https://car.autohome.com.cn/price/series-2914.html
奇瑞,奇瑞QQ,4,https://car.autohome.com.cn/price/series-2989.html
奇瑞,瑞虎5,44,https://car.autohome.com.cn/price/series-3195.html
奇瑞,奇瑞QQ3 (停售),70,https://car.autohome.com.cn/price/series-87.html
奇瑞,奇瑞QQ6 (停售),8,https://car.autohome.com.cn/price/series-478.html
奇瑞,奇瑞QQme (停售),5,https://car.autohome.com.cn/price/series-612.html
奇瑞,旗云1 (停售),10,https://car.autohome.com.cn/price/series-996.html
奇瑞,风云2 (停售),22,https://car.autohome.com.cn/price/series-837.html
奇瑞,奇瑞A1 (停售),12,https://car.autohome.com.cn/price/series-518.html
奇瑞,奇瑞E3 (停售),8,https://car.autohome.com.cn/price/series-2953.html
奇瑞,旗云 (停售),34,https://car.autohome.com.cn/price/series-85.html
奇瑞,旗云2 (停售),8,https://car.autohome.com.cn/price/series-2178.html
奇瑞,艾瑞泽3 (停售),10,https://car.autohome.com.cn/price/series-3157.html
奇瑞,艾瑞泽7e (停售),3,https://car.autohome.com.cn/price/series-4223.html
奇瑞,风云 (停售),4,https://car.autohome.com.cn/price/series-84.html
奇瑞,奇瑞A3 (停售),33,https://car.autohome.com.cn/price/series-530.html
奇瑞,奇瑞A5 (停售),18,https://car.autohome.com.cn/price/series-434.html
奇瑞,奇瑞E5 (停售),14,https://car.autohome.com.cn/price/series-2324.html
奇瑞,旗云3 (停售),6,https://car.autohome.com.cn/price/series-2180.html
奇瑞,东方之子 (停售),43,https://car.autohome.com.cn/price/series-83.html
奇瑞,旗云5 (停售),5,https://car.autohome.com.cn/price/series-2331.html
奇瑞,奇瑞X1 (停售),14,https://car.autohome.com.cn/price/series-854.html
奇瑞,瑞虎 (停售),68,https://car.autohome.com.cn/price/series-396.html
奇瑞,艾瑞泽M7 (停售),10,https://car.autohome.com.cn/price/series-3300.html
奇瑞,东方之子Cross (停售),21,https://car.autohome.com.cn/price/series-451.html
奇瑞,奇瑞eQ,4,https://car.autohome.com.cn/price/series-3648.html
奇瑞,奇瑞eQ1,12,https://car.autohome.com.cn/price/series-4218.html
奇瑞,艾瑞泽5e,6,https://car.autohome.com.cn/price/series-4262.html
奇瑞,瑞虎3xe,6,https://car.autohome.com.cn/price/series-4624.html
奇瑞,奇瑞QQ3EV (停售),6,https://car.autohome.com.cn/price/series-3920.html
启辰,启辰T60,10,https://car.autohome.com.cn/price/series-4887.html
启辰,晨风,4,https://car.autohome.com.cn/price/series-2955.html
启辰,启辰D60,17,https://car.autohome.com.cn/price/series-4490.html
启辰,启辰T70,29,https://car.autohome.com.cn/price/series-3618.html
启辰,启辰T90,12,https://car.autohome.com.cn/price/series-4115.html
启辰,启辰M50V,12,https://car.autohome.com.cn/price/series-4315.html
启辰,启辰R30 (停售),8,https://car.autohome.com.cn/price/series-3475.html
启辰,启辰D50 (停售),20,https://car.autohome.com.cn/price/series-2341.html
启辰,启辰R50 (停售),20,https://car.autohome.com.cn/price/series-2867.html
启辰,启辰R50X (停售),12,https://car.autohome.com.cn/price/series-3226.html
启辰,启辰T70X (停售),6,https://car.autohome.com.cn/price/series-3904.html
起亚,起亚KX3新能源,1,https://car.autohome.com.cn/price/series-4973.html
起亚,KX CROSS,3,https://car.autohome.com.cn/price/series-4505.html
起亚,焕驰,5,https://car.autohome.com.cn/price/series-4387.html
起亚,起亚K2,46,https://car.autohome.com.cn/price/series-2319.html
起亚,福瑞迪,33,https://car.autohome.com.cn/price/series-813.html
起亚,起亚K3,24,https://car.autohome.com.cn/price/series-2886.html
起亚,凯绅,4,https://car.autohome.com.cn/price/series-4523.html
起亚,起亚K5,53,https://car.autohome.com.cn/price/series-2246.html
起亚,起亚K5新能源,2,https://car.autohome.com.cn/price/series-4834.html
起亚,起亚KX3,20,https://car.autohome.com.cn/price/series-3664.html
起亚,奕跑,2,https://car.autohome.com.cn/price/series-4824.html
起亚,起亚KX5,9,https://car.autohome.com.cn/price/series-3954.html
起亚,智跑,41,https://car.autohome.com.cn/price/series-2137.html
起亚,起亚KX7,8,https://car.autohome.com.cn/price/series-4200.html
起亚,千里马 (停售),20,https://car.autohome.com.cn/price/series-142.html
起亚,锐欧 (停售),7,https://car.autohome.com.cn/price/series-454.html
起亚,秀尔 (停售),16,https://car.autohome.com.cn/price/series-876.html
起亚,赛拉图 (停售),39,https://car.autohome.com.cn/price/series-413.html
起亚,起亚K3S (停售),6,https://car.autohome.com.cn/price/series-3385.html
起亚,起亚K4 (停售),20,https://car.autohome.com.cn/price/series-3286.html
起亚,远舰 (停售),13,https://car.autohome.com.cn/price/series-298.html
起亚,狮跑 (停售),32,https://car.autohome.com.cn/price/series-565.html
起亚,嘉华 (停售),9,https://car.autohome.com.cn/price/series-284.html
起亚,起亚K9,4,https://car.autohome.com.cn/price/series-2681.html
起亚,斯汀格,2,https://car.autohome.com.cn/price/series-2420.html
起亚,极睿,3,https://car.autohome.com.cn/price/series-3198.html
起亚,索兰托,145,https://car.autohome.com.cn/price/series-281.html
起亚,霸锐,5,https://car.autohome.com.cn/price/series-591.html
起亚,佳乐,26,https://car.autohome.com.cn/price/series-453.html
起亚,嘉华(进口),12,https://car.autohome.com.cn/price/series-3448.html
起亚,起亚K5(进口),3,https://car.autohome.com.cn/price/series-890.html
起亚,凯尊,19,https://car.autohome.com.cn/price/series-1010.html
起亚,SPORTAGE,4,https://car.autohome.com.cn/price/series-452.html
起亚,欧菲莱斯 (停售),8,https://car.autohome.com.cn/price/series-275.html
起亚,起亚VQ (停售),6,https://car.autohome.com.cn/price/series-502.html
起亚,速迈 (停售),30,https://car.autohome.com.cn/price/series-1016.html
前途,前途K50,1,https://car.autohome.com.cn/price/series-3820.html
乔治・巴顿,战剑,1,https://car.autohome.com.cn/price/series-3967.html
乔治・巴顿,战车,2,https://car.autohome.com.cn/price/series-3621.html
庆铃汽车,庆铃TAGA,5,https://car.autohome.com.cn/price/series-4656.html
全球鹰,全球鹰K10,2,https://car.autohome.com.cn/price/series-3835.html
全球鹰,全球鹰K11,2,https://car.autohome.com.cn/price/series-3836.html
全球鹰,全球鹰K12,1,https://car.autohome.com.cn/price/series-4161.html
全球鹰,全球鹰K17,2,https://car.autohome.com.cn/price/series-4160.html
全球鹰,全球鹰K27,4,https://car.autohome.com.cn/price/series-4994.html
全球鹰,全球鹰EX3,3,https://car.autohome.com.cn/price/series-4748.html
日产,玛驰,9,https://car.autohome.com.cn/price/series-2086.html
日产,骊威,46,https://car.autohome.com.cn/price/series-522.html
日产,骐达,43,https://car.autohome.com.cn/price/series-425.html
日产,轩逸,82,https://car.autohome.com.cn/price/series-448.html
日产,阳光,30,https://car.autohome.com.cn/price/series-64.html
日产,LANNIA 蓝鸟,16,https://car.autohome.com.cn/price/series-3817.html
日产,轩逸・纯电,2,https://car.autohome.com.cn/price/series-4766.html
日产,天籁,85,https://car.autohome.com.cn/price/series-634.html
日产,西玛,3,https://car.autohome.com.cn/price/series-3957.html
日产,劲客,6,https://car.autohome.com.cn/price/series-4305.html
日产,逍客,42,https://car.autohome.com.cn/price/series-564.html
日产,途达,6,https://car.autohome.com.cn/price/series-4691.html
日产,奇骏,49,https://car.autohome.com.cn/price/series-656.html
日产,楼兰,25,https://car.autohome.com.cn/price/series-2381.html
日产,颐达 (停售),19,https://car.autohome.com.cn/price/series-355.html
日产,蓝鸟 (停售),9,https://car.autohome.com.cn/price/series-63.html
日产,骏逸 (停售),6,https://car.autohome.com.cn/price/series-475.html
日产,途达,6,https://car.autohome.com.cn/price/series-4691.html
日产,日产NV200,45,https://car.autohome.com.cn/price/series-2113.html
日产,纳瓦拉,8,https://car.autohome.com.cn/price/series-4307.html
日产,日产D22,12,https://car.autohome.com.cn/price/series-2466.html
日产,日产ZN厢式车,16,https://car.autohome.com.cn/price/series-2853.html
日产,帕拉丁 (停售),38,https://car.autohome.com.cn/price/series-53.html
日产,途乐,9,https://car.autohome.com.cn/price/series-264.html
日产,贵士,5,https://car.autohome.com.cn/price/series-438.html
日产,日产370Z,4,https://car.autohome.com.cn/price/series-702.html
日产,日产GT-R,16,https://car.autohome.com.cn/price/series-436.html
日产,碧莲,3,https://car.autohome.com.cn/price/series-2578.html
日产,奇骏(进口),3,https://car.autohome.com.cn/price/series-208.html
日产,楼兰(海外),1,https://car.autohome.com.cn/price/series-958.html
日产,风度 (停售),2,https://car.autohome.com.cn/price/series-205.html
日产,风雅 (停售),6,https://car.autohome.com.cn/price/series-376.html
日产,CIMA (停售),1,https://car.autohome.com.cn/price/series-204.html
日产,日产350Z (停售),2,https://car.autohome.com.cn/price/series-316.html
荣威,荣威360,23,https://car.autohome.com.cn/price/series-3857.html
荣威,荣威Ei5,2,https://car.autohome.com.cn/price/series-4554.html
荣威,荣威ei6,3,https://car.autohome.com.cn/price/series-4263.html
荣威,荣威i5,9,https://car.autohome.com.cn/price/series-4869.html
荣威,荣威i6,18,https://car.autohome.com.cn/price/series-4246.html
荣威,荣威950,14,https://car.autohome.com.cn/price/series-2743.html
荣威,荣威e950,3,https://car.autohome.com.cn/price/series-3977.html
荣威,荣威RX3,9,https://car.autohome.com.cn/price/series-4473.html
荣威,荣威RX5,34,https://car.autohome.com.cn/price/series-4080.html
荣威,荣威RX5新能源,6,https://car.autohome.com.cn/price/series-4240.html
荣威,荣威MARVEL X,3,https://car.autohome.com.cn/price/series-4653.html
荣威,荣威RX8,8,https://car.autohome.com.cn/price/series-4665.html
荣威,荣威e50,2,https://car.autohome.com.cn/price/series-2779.html
荣威,荣威350,33,https://car.autohome.com.cn/price/series-2062.html
荣威,荣威W5,14,https://car.autohome.com.cn/price/series-2297.html
荣威,荣威550 (停售),45,https://car.autohome.com.cn/price/series-537.html
荣威,荣威e550 (停售),5,https://car.autohome.com.cn/price/series-3978.html
荣威,荣威750 (停售),30,https://car.autohome.com.cn/price/series-482.html
容大智造,迈图,2,https://car.autohome.com.cn/price/series-4878.html
如虎,如虎 XL,1,https://car.autohome.com.cn/price/series-2972.html
如虎,如虎 CTR 3,1,https://car.autohome.com.cn/price/series-2970.html
瑞驰新能源,瑞驰新能源EC35,1,https://car.autohome.com.cn/price/series-4479.html
瑞驰新能源,瑞驰新能源EK05,1,https://car.autohome.com.cn/price/series-4602.html
瑞麒,瑞麒M1 (停售),22,https://car.autohome.com.cn/price/series-804.html
瑞麒,瑞麒M5 (停售),3,https://car.autohome.com.cn/price/series-853.html
瑞麒,瑞麒G3 (停售),7,https://car.autohome.com.cn/price/series-2109.html
瑞麒,瑞麒G5 (停售),15,https://car.autohome.com.cn/price/series-797.html
瑞麒,瑞麒G6 (停售),3,https://car.autohome.com.cn/price/series-791.html
smart,smart fortwo,92,https://car.autohome.com.cn/price/series-620.html
smart,smart forfour,11,https://car.autohome.com.cn/price/series-1004.html
smart,smart forjeremy,1,https://car.autohome.com.cn/price/series-2958.html
smart,smart fortwo新能源,1,https://car.autohome.com.cn/price/series-4326.html
