SWM斯威汽车,SWM斯威G01,15,https://car.autohome.com.cn/price/series-4684.html
SWM斯威汽车,SWM斯威X3,11,https://car.autohome.com.cn/price/series-4336.html
SWM斯威汽车,SWM斯威X7,30,https://car.autohome.com.cn/price/series-4151.html
萨博,Saab 9-3,11,https://car.autohome.com.cn/price/series-343.html
萨博,Saab 9-5 (停售),4,https://car.autohome.com.cn/price/series-211.html
赛麟,赛麟科迈罗,5,https://car.autohome.com.cn/price/series-3487.html
赛麟,赛麟Mustang (停售),9,https://car.autohome.com.cn/price/series-3486.html
三菱,欧蓝德经典 (停售),14,https://car.autohome.com.cn/price/series-25.html
三菱,帕杰罗速跑 (停售),5,https://car.autohome.com.cn/price/series-24.html
三菱,风迪思 (停售),8,https://car.autohome.com.cn/price/series-3131.html
三菱,蓝瑟 (停售),20,https://car.autohome.com.cn/price/series-458.html
三菱,翼神 (停售),54,https://car.autohome.com.cn/price/series-873.html
三菱,三菱戈蓝 (停售),13,https://car.autohome.com.cn/price/series-483.html
三菱,君阁 (停售),12,https://car.autohome.com.cn/price/series-668.html
三菱,菱绅 (停售),15,https://car.autohome.com.cn/price/series-128.html
三菱,劲炫ASX,18,https://car.autohome.com.cn/price/series-2768.html
三菱,欧蓝德,11,https://car.autohome.com.cn/price/series-4147.html
三菱,奕歌,5,https://car.autohome.com.cn/price/series-4807.html
三菱,帕杰罗・劲畅,4,https://car.autohome.com.cn/price/series-3008.html
三菱,帕杰罗 (停售),23,https://car.autohome.com.cn/price/series-377.html
三菱,帕杰罗(进口),48,https://car.autohome.com.cn/price/series-580.html
三菱,LANCER,7,https://car.autohome.com.cn/price/series-369.html
三菱,ASX劲炫(进口),9,https://car.autohome.com.cn/price/series-1018.html
三菱,欧蓝德(进口),42,https://car.autohome.com.cn/price/series-486.html
三菱,帕杰罗・劲畅(进口),2,https://car.autohome.com.cn/price/series-2332.html
三菱,格蓝迪 (停售),9,https://car.autohome.com.cn/price/series-325.html
三菱,伊柯丽斯 (停售),4,https://car.autohome.com.cn/price/series-651.html
陕汽通家,福家,18,https://car.autohome.com.cn/price/series-2570.html
陕汽通家,龙锐,8,https://car.autohome.com.cn/price/series-3244.html
上汽大通,上汽大通D90,9,https://car.autohome.com.cn/price/series-4120.html
上汽大通,上汽大通EG10,6,https://car.autohome.com.cn/price/series-4338.html
上汽大通,上汽大通G10,43,https://car.autohome.com.cn/price/series-3064.html
上汽大通,上汽大通V80,280,https://car.autohome.com.cn/price/series-2608.html
上汽大通,上汽大通T60,96,https://car.autohome.com.cn/price/series-4241.html
上汽大通,伊思坦纳 (停售),11,https://car.autohome.com.cn/price/series-3192.html
世爵,世爵C8,1,https://car.autohome.com.cn/price/series-599.html
双环,小贵族 (停售),8,https://car.autohome.com.cn/price/series-506.html
双环,来宝SRV (停售),4,https://car.autohome.com.cn/price/series-13.html
双环,双环SCEO (停售),70,https://car.autohome.com.cn/price/series-345.html
双龙,主席,8,https://car.autohome.com.cn/price/series-141.html
双龙,蒂维拉,6,https://car.autohome.com.cn/price/series-3406.html
双龙,柯兰多,28,https://car.autohome.com.cn/price/series-2214.html
双龙,爱腾,37,https://car.autohome.com.cn/price/series-455.html
双龙,路帝,10,https://car.autohome.com.cn/price/series-516.html
双龙,途凌,16,https://car.autohome.com.cn/price/series-3372.html
双龙,雷斯特,12,https://car.autohome.com.cn/price/series-139.html
双龙,雷斯特W,6,https://car.autohome.com.cn/price/series-3132.html
双龙,享御 (停售),16,https://car.autohome.com.cn/price/series-485.html
思铭,思铭 (停售),5,https://car.autohome.com.cn/price/series-2751.html
斯巴鲁,力狮,39,https://car.autohome.com.cn/price/series-287.html
斯巴鲁,斯巴鲁XV,39,https://car.autohome.com.cn/price/series-2417.html
斯巴鲁,森林人,93,https://car.autohome.com.cn/price/series-285.html
斯巴鲁,傲虎,51,https://car.autohome.com.cn/price/series-286.html
斯巴鲁,翼豹,23,https://car.autohome.com.cn/price/series-283.html
斯巴鲁,斯巴鲁BRZ,10,https://car.autohome.com.cn/price/series-2557.html
斯巴鲁,驰鹏 (停售),3,https://car.autohome.com.cn/price/series-414.html
斯达泰克,斯达泰克-卫士,2,https://car.autohome.com.cn/price/series-3849.html
斯达泰克,斯达泰克-揽胜 (停售),7,https://car.autohome.com.cn/price/series-3847.html
斯达泰克,斯达泰克-揽胜运动版 (停售),4,https://car.autohome.com.cn/price/series-3848.html
斯柯达,柯迪亚克GT,3,https://car.autohome.com.cn/price/series-4986.html
斯柯达,晶锐,56,https://car.autohome.com.cn/price/series-382.html
斯柯达,明锐,138,https://car.autohome.com.cn/price/series-519.html
斯柯达,昕动,29,https://car.autohome.com.cn/price/series-3290.html
斯柯达,昕锐,35,https://car.autohome.com.cn/price/series-2962.html
斯柯达,速派,27,https://car.autohome.com.cn/price/series-3171.html
斯柯达,柯米克,4,https://car.autohome.com.cn/price/series-4690.html
斯柯达,柯珞克,5,https://car.autohome.com.cn/price/series-4453.html
斯柯达,柯迪亚克,19,https://car.autohome.com.cn/price/series-4217.html
斯柯达,Yeti,23,https://car.autohome.com.cn/price/series-3013.html
斯柯达,昊锐 (停售),22,https://car.autohome.com.cn/price/series-772.html
斯柯达,明锐(进口),2,https://car.autohome.com.cn/price/series-356.html
斯柯达,速派(进口),4,https://car.autohome.com.cn/price/series-357.html
斯柯达,速尊,2,https://car.autohome.com.cn/price/series-3269.html
斯柯达,Yeti(进口),2,https://car.autohome.com.cn/price/series-858.html
泰卡特,泰卡特 T9,1,https://car.autohome.com.cn/price/series-3393.html
泰卡特,泰卡特 T7 (停售),3,https://car.autohome.com.cn/price/series-3392.html
泰卡特,泰卡特 T1 (停售),1,https://car.autohome.com.cn/price/series-3389.html
泰卡特,泰卡特 T2 (停售),1,https://car.autohome.com.cn/price/series-3390.html
泰卡特,泰卡特 T3 (停售),1,https://car.autohome.com.cn/price/series-3391.html
特斯拉,Model 3,1,https://car.autohome.com.cn/price/series-4078.html
特斯拉,Model S,28,https://car.autohome.com.cn/price/series-2357.html
特斯拉,Model X,7,https://car.autohome.com.cn/price/series-2664.html
腾势,腾势,7,https://car.autohome.com.cn/price/series-2805.html
WEY,WEY VV5,5,https://car.autohome.com.cn/price/series-4253.html
WEY,WEY VV6,5,https://car.autohome.com.cn/price/series-4631.html
WEY,WEY P8,3,https://car.autohome.com.cn/price/series-4441.html
WEY,WEY VV7,6,https://car.autohome.com.cn/price/series-4252.html
威麟,威麟X5 (停售),8,https://car.autohome.com.cn/price/series-613.html
威麟,威麟V5 (停售),15,https://car.autohome.com.cn/price/series-909.html
威麟,威麟H5,8,https://car.autohome.com.cn/price/series-2539.html
威麟,威麟H6,4,https://car.autohome.com.cn/price/series-4796.html
威麟,威麟H3 (停售),1,https://car.autohome.com.cn/price/series-2538.html
威马汽车,威马EX5,8,https://car.autohome.com.cn/price/series-4652.html
威兹曼,威兹曼GT,4,https://car.autohome.com.cn/price/series-725.html
威兹曼,威兹曼Roadster (停售),3,https://car.autohome.com.cn/price/series-959.html
潍柴英致,英致EX1,1,https://car.autohome.com.cn/price/series-4657.html
潍柴英致,英致G3,14,https://car.autohome.com.cn/price/series-3306.html
潍柴英致,英致G5,9,https://car.autohome.com.cn/price/series-3882.html
潍柴英致,英致727,5,https://car.autohome.com.cn/price/series-3969.html
潍柴英致,英致737,11,https://car.autohome.com.cn/price/series-3653.html
潍柴英致,英致737EV,2,https://car.autohome.com.cn/price/series-4963.html
蔚来,蔚来EP9,1,https://car.autohome.com.cn/price/series-4265.html
蔚来,蔚来ES8,2,https://car.autohome.com.cn/price/series-4427.html
沃尔沃,沃尔沃S40 (停售),19,https://car.autohome.com.cn/price/series-463.html
沃尔沃,沃尔沃S80L (停售),27,https://car.autohome.com.cn/price/series-693.html
沃尔沃,沃尔沃S60L,30,https://car.autohome.com.cn/price/series-3158.html
沃尔沃,沃尔沃S60L新能源,4,https://car.autohome.com.cn/price/series-4335.html
沃尔沃,沃尔沃S90,15,https://car.autohome.com.cn/price/series-4206.html
沃尔沃,沃尔沃S90新能源,3,https://car.autohome.com.cn/price/series-4864.html
沃尔沃,沃尔沃XC60,35,https://car.autohome.com.cn/price/series-3411.html
沃尔沃,沃尔沃XC60新能源,4,https://car.autohome.com.cn/price/series-4609.html
沃尔沃,XC Classic (停售),2,https://car.autohome.com.cn/price/series-3420.html
沃尔沃,沃尔沃V40,41,https://car.autohome.com.cn/price/series-2678.html
沃尔沃,沃尔沃S60,31,https://car.autohome.com.cn/price/series-404.html
沃尔沃,沃尔沃V60,32,https://car.autohome.com.cn/price/series-2190.html
沃尔沃,沃尔沃V90,5,https://car.autohome.com.cn/price/series-4029.html
沃尔沃,沃尔沃XC40,5,https://car.autohome.com.cn/price/series-3689.html
沃尔沃,沃尔沃XC90,65,https://car.autohome.com.cn/price/series-177.html
沃尔沃,沃尔沃XC90新能源,13,https://car.autohome.com.cn/price/series-4337.html
沃尔沃,沃尔沃S80,10,https://car.autohome.com.cn/price/series-175.html
沃尔沃,沃尔沃S90(进口),2,https://car.autohome.com.cn/price/series-3861.html
沃尔沃,沃尔沃XC60(进口),45,https://car.autohome.com.cn/price/series-585.html
沃尔沃,沃尔沃C30 (停售),21,https://car.autohome.com.cn/price/series-494.html
沃尔沃,沃尔沃S40(进口) (停售),4,https://car.autohome.com.cn/price/series-981.html
沃尔沃,沃尔沃C70 (停售),5,https://car.autohome.com.cn/price/series-406.html
五菱汽车,五菱宏光S3,5,https://car.autohome.com.cn/price/series-4408.html
五菱汽车,五菱宏光,44,https://car.autohome.com.cn/price/series-2139.html
五菱汽车,五菱荣光,17,https://car.autohome.com.cn/price/series-2451.html
五菱汽车,五菱荣光V,16,https://car.autohome.com.cn/price/series-3657.html
五菱汽车,五菱之光,32,https://car.autohome.com.cn/price/series-2456.html
五菱汽车,五菱之光V,5,https://car.autohome.com.cn/price/series-4270.html
五菱汽车,PN货车,2,https://car.autohome.com.cn/price/series-2506.html
五菱汽车,五菱荣光小卡,8,https://car.autohome.com.cn/price/series-2855.html
五菱汽车,五菱荣光新卡,4,https://car.autohome.com.cn/price/series-4884.html
五菱汽车,五菱之光小卡,2,https://car.autohome.com.cn/price/series-3946.html
五菱汽车,五菱征程 (停售),3,https://car.autohome.com.cn/price/series-3570.html
五十铃,mu-X牧游侠,53,https://car.autohome.com.cn/price/series-3576.html
五十铃,D-MAX,16,https://car.autohome.com.cn/price/series-3562.html
五十铃,铃拓,8,https://car.autohome.com.cn/price/series-4775.html
五十铃,瑞迈,42,https://car.autohome.com.cn/price/series-3935.html
五十铃,竞技者,1,https://car.autohome.com.cn/price/series-4198.html
五十铃,五十铃皮卡,18,https://car.autohome.com.cn/price/series-2834.html
西雅特,伊比飒,4,https://car.autohome.com.cn/price/series-714.html
西雅特,LEON,3,https://car.autohome.com.cn/price/series-718.html
西雅特,欧悦搏,6,https://car.autohome.com.cn/price/series-2105.html
现代,瑞纳,44,https://car.autohome.com.cn/price/series-2115.html
现代,悦纳,6,https://car.autohome.com.cn/price/series-4107.html
现代,悦纳RV,5,https://car.autohome.com.cn/price/series-4222.html
现代,悦动,36,https://car.autohome.com.cn/price/series-586.html
现代,菲斯塔,5,https://car.autohome.com.cn/price/series-4817.html
现代,领动,12,https://car.autohome.com.cn/price/series-3959.html
现代,伊兰特EV,2,https://car.autohome.com.cn/price/series-4496.html
现代,逸行,4,https://car.autohome.com.cn/price/series-4833.html
现代,名图,18,https://car.autohome.com.cn/price/series-3073.html
现代,索纳塔插电混动,3,https://car.autohome.com.cn/price/series-4654.html
现代,索纳塔九,25,https://car.autohome.com.cn/price/series-3672.html
现代,ENCINO 昂希诺,4,https://car.autohome.com.cn/price/series-4615.html
现代,北京现代ix25,13,https://car.autohome.com.cn/price/series-3292.html
现代,途胜,25,https://car.autohome.com.cn/price/series-358.html
现代,北京现代ix35,49,https://car.autohome.com.cn/price/series-1007.html
现代,全新胜达,31,https://car.autohome.com.cn/price/series-2927.html
现代,瑞奕,10,https://car.autohome.com.cn/price/series-3415.html
现代,朗动,20,https://car.autohome.com.cn/price/series-2764.html
现代,雅绅特 (停售),20,https://car.autohome.com.cn/price/series-431.html
现代,北京现代i30 (停售),8,https://car.autohome.com.cn/price/series-814.html
现代,伊兰特 (停售),23,https://car.autohome.com.cn/price/series-51.html
现代,领翔 (停售),9,https://car.autohome.com.cn/price/series-690.html
现代,名驭 (停售),9,https://car.autohome.com.cn/price/series-866.html
现代,索纳塔 (停售),16,https://car.autohome.com.cn/price/series-2649.html
现代,索纳塔八 (停售),37,https://car.autohome.com.cn/price/series-50.html
现代,御翔 (停售),6,https://car.autohome.com.cn/price/series-429.html
现代,康恩迪,2,https://car.autohome.com.cn/price/series-3613.html
现代,Veloster飞思,13,https://car.autohome.com.cn/price/series-2256.html
现代,雅尊,13,https://car.autohome.com.cn/price/series-446.html
现代,捷恩斯,12,https://car.autohome.com.cn/price/series-3453.html
现代,格越,59,https://car.autohome.com.cn/price/series-3164.html
现代,H-1辉翼,3,https://car.autohome.com.cn/price/series-2117.html
现代,索纳塔(进口),1,https://car.autohome.com.cn/price/series-1017.html
现代,雅科仕,24,https://car.autohome.com.cn/price/series-255.html
现代,途胜(进口),2,https://car.autohome.com.cn/price/series-975.html
现代,全新胜达(进口),29,https://car.autohome.com.cn/price/series-2984.html
现代,新胜达(进口),20,https://car.autohome.com.cn/price/series-127.html
现代,君爵 (停售),2,https://car.autohome.com.cn/price/series-131.html
现代,劳恩斯 (停售),9,https://car.autohome.com.cn/price/series-594.html
现代,维拉克斯 (停售),6,https://car.autohome.com.cn/price/series-510.html
现代,美佳 (停售),3,https://car.autohome.com.cn/price/series-457.html
现代,酷派 (停售),4,https://car.autohome.com.cn/price/series-252.html
现代,劳恩斯-酷派 (停售),10,https://car.autohome.com.cn/price/series-756.html
小鹏汽车,小鹏汽车G3,3,https://car.autohome.com.cn/price/series-4489.html
新凯,新凯V-Class,2,https://car.autohome.com.cn/price/series-4351.html
新凯,新凯凌特,1,https://car.autohome.com.cn/price/series-3703.html
新凯,新凯威霆,2,https://car.autohome.com.cn/price/series-3702.html
新凯,凯胜 (停售),3,https://car.autohome.com.cn/price/series-3090.html
新特汽车,SITECH DEV 1,4,https://car.autohome.com.cn/price/series-4781.html
鑫源,好运1号,4,https://car.autohome.com.cn/price/series-4566.html
鑫源,鑫源X30L,6,https://car.autohome.com.cn/price/series-4758.html
鑫源,鑫源X30LEV,3,https://car.autohome.com.cn/price/series-4567.html
鑫源,鑫源T20EV,4,https://car.autohome.com.cn/price/series-4568.html
雪佛兰,赛欧,57,https://car.autohome.com.cn/price/series-163.html
雪佛兰,乐风RV,9,https://car.autohome.com.cn/price/series-3923.html
雪佛兰,科鲁兹,89,https://car.autohome.com.cn/price/series-657.html
雪佛兰,科沃兹,19,https://car.autohome.com.cn/price/series-4105.html
雪佛兰,沃兰多,4,https://car.autohome.com.cn/price/series-4882.html
雪佛兰,迈锐宝,33,https://car.autohome.com.cn/price/series-2313.html
雪佛兰,迈锐宝XL,24,https://car.autohome.com.cn/price/series-4031.html
雪佛兰,创酷,17,https://car.autohome.com.cn/price/series-3335.html
雪佛兰,探界者,20,https://car.autohome.com.cn/price/series-4235.html
雪佛兰,科帕奇,17,https://car.autohome.com.cn/price/series-2583.html
雪佛兰,爱唯欧 (停售),30,https://car.autohome.com.cn/price/series-2348.html
雪佛兰,乐骋 (停售),23,https://car.autohome.com.cn/price/series-420.html
雪佛兰,乐风 (停售),26,https://car.autohome.com.cn/price/series-439.html
雪佛兰,景程 (停售),40,https://car.autohome.com.cn/price/series-397.html
雪佛兰,科迈罗,6,https://car.autohome.com.cn/price/series-678.html
雪佛兰,库罗德,3,https://car.autohome.com.cn/price/series-2362.html
雪佛兰,索罗德,4,https://car.autohome.com.cn/price/series-2405.html
雪佛兰,斯帕可,2,https://car.autohome.com.cn/price/series-808.html
雪佛兰,沃蓝达,1,https://car.autohome.com.cn/price/series-682.html
雪佛兰,科帕奇(进口),11,https://car.autohome.com.cn/price/series-546.html
雪铁龙,雪铁龙C4L,42,https://car.autohome.com.cn/price/series-2945.html
雪铁龙,爱丽舍,74,https://car.autohome.com.cn/price/series-98.html
雪铁龙,C4世嘉,18,https://car.autohome.com.cn/price/series-3873.html
雪铁龙,雪铁龙C5,51,https://car.autohome.com.cn/price/series-792.html
雪铁龙,雪铁龙C6,12,https://car.autohome.com.cn/price/series-4043.html
雪铁龙,雪铁龙C3-XR,24,https://car.autohome.com.cn/price/series-3429.html
雪铁龙,云逸 C4 AIRCROSS,7,https://car.autohome.com.cn/price/series-4685.html
雪铁龙,天逸 C5 AIRCROSS,15,https://car.autohome.com.cn/price/series-4370.html
雪铁龙,雪铁龙C2 (停售),23,https://car.autohome.com.cn/price/series-476.html
雪铁龙,世嘉 (停售),92,https://car.autohome.com.cn/price/series-639.html
雪铁龙,富康 (停售),10,https://car.autohome.com.cn/price/series-293.html
雪铁龙,凯旋 (停售),15,https://car.autohome.com.cn/price/series-388.html
雪铁龙,赛纳 (停售),8,https://car.autohome.com.cn/price/series-230.html
雪铁龙,毕加索 (停售),7,https://car.autohome.com.cn/price/series-232.html
雪铁龙,雪铁龙C4 Aircross(进口),9,https://car.autohome.com.cn/price/series-2473.html
雪铁龙,C4 PICASSO,7,https://car.autohome.com.cn/price/series-473.html
雪铁龙,雪铁龙C3,1,https://car.autohome.com.cn/price/series-329.html
雪铁龙,雪铁龙C4,6,https://car.autohome.com.cn/price/series-480.html
雪铁龙,雪铁龙C5(进口),12,https://car.autohome.com.cn/price/series-212.html
雪铁龙,雪铁龙C6(进口) (停售),3,https://car.autohome.com.cn/price/series-440.html
野马汽车,野马EC60,1,https://car.autohome.com.cn/price/series-4633.html
野马汽车,野马EC70,3,https://car.autohome.com.cn/price/series-3906.html
野马汽车,野马T70,30,https://car.autohome.com.cn/price/series-2888.html
野马汽车,野马T80,14,https://car.autohome.com.cn/price/series-3765.html
野马汽车,斯派卡,3,https://car.autohome.com.cn/price/series-4425.html
野马汽车,野马EC30,3,https://car.autohome.com.cn/price/series-4510.html
野马汽车,野马F10 (停售),6,https://car.autohome.com.cn/price/series-2378.html
野马汽车,野马F12 (停售),4,https://car.autohome.com.cn/price/series-2445.html
野马汽车,野马F16 (停售),3,https://car.autohome.com.cn/price/series-2440.html
野马汽车,野马F99 (停售),9,https://car.autohome.com.cn/price/series-939.html
一汽,威志V5,16,https://car.autohome.com.cn/price/series-2716.html
一汽,夏利N5,17,https://car.autohome.com.cn/price/series-878.html
一汽,夏利N7,10,https://car.autohome.com.cn/price/series-2781.html
一汽,骏派A50,6,https://car.autohome.com.cn/price/series-4404.html
一汽,骏派A70,6,https://car.autohome.com.cn/price/series-3979.html
一汽,骏派A70E,2,https://car.autohome.com.cn/price/series-4415.html
一汽,骏派CX65,4,https://car.autohome.com.cn/price/series-4405.html
一汽,骏派D60,23,https://car.autohome.com.cn/price/series-3081.html
一汽,骏派D80,7,https://car.autohome.com.cn/price/series-4680.html
一汽,威乐 (停售),7,https://car.autohome.com.cn/price/series-106.html
一汽,威志 (停售),19,https://car.autohome.com.cn/price/series-444.html
一汽,威志V2 (停售),5,https://car.autohome.com.cn/price/series-879.html
一汽,威姿 (停售),7,https://car.autohome.com.cn/price/series-104.html
一汽,夏利 (停售),45,https://car.autohome.com.cn/price/series-101.html
一汽,蓝舰T340,8,https://car.autohome.com.cn/price/series-4855.html
一汽,森雅R7,34,https://car.autohome.com.cn/price/series-3824.html
一汽,森雅R9,8,https://car.autohome.com.cn/price/series-4754.html
一汽,佳宝V52,4,https://car.autohome.com.cn/price/series-2469.html
一汽,佳宝V55,1,https://car.autohome.com.cn/price/series-2468.html
一汽,佳宝V75,2,https://car.autohome.com.cn/price/series-3775.html
一汽,佳宝V77,3,https://car.autohome.com.cn/price/series-3776.html
一汽,佳宝V80,15,https://car.autohome.com.cn/price/series-3052.html
一汽,佳宝T50,2,https://car.autohome.com.cn/price/series-2526.html
一汽,佳宝T51,1,https://car.autohome.com.cn/price/series-2525.html
一汽,佳宝T57,2,https://car.autohome.com.cn/price/series-2465.html
一汽,解放T80,9,https://car.autohome.com.cn/price/series-3459.html
一汽,森雅S80 (停售),48,https://car.autohome.com.cn/price/series-2131.html
一汽,森雅M80 (停售),22,https://car.autohome.com.cn/price/series-913.html
一汽,佳宝V70 (停售),4,https://car.autohome.com.cn/price/series-2464.html
一汽,佳宝V70 II代 (停售),6,https://car.autohome.com.cn/price/series-2870.html
一汽,坤程,7,https://car.autohome.com.cn/price/series-2603.html
依维柯,依维柯Daily(欧胜),18,https://car.autohome.com.cn/price/series-4580.html
依维柯,依维柯Ouba,17,https://car.autohome.com.cn/price/series-4266.html
依维柯,依维柯Venice,4,https://car.autohome.com.cn/price/series-4267.html
依维柯,依维柯褒迪Power Daily,87,https://car.autohome.com.cn/price/series-2533.html
依维柯,依维柯得意,23,https://car.autohome.com.cn/price/series-2532.html
依维柯,都灵 (停售),8,https://car.autohome.com.cn/price/series-2531.html
英菲尼迪,英菲尼迪Q50L,17,https://car.autohome.com.cn/price/series-3553.html
英菲尼迪,英菲尼迪QX50,10,https://car.autohome.com.cn/price/series-3591.html
英菲尼迪,英菲尼迪Q50,9,https://car.autohome.com.cn/price/series-2992.html
英菲尼迪,英菲尼迪Q70,22,https://car.autohome.com.cn/price/series-3097.html
英菲尼迪,英菲尼迪ESQ,3,https://car.autohome.com.cn/price/series-3535.html
英菲尼迪,英菲尼迪QX30,11,https://car.autohome.com.cn/price/series-3652.html
英菲尼迪,英菲尼迪QX60,9,https://car.autohome.com.cn/price/series-3043.html
英菲尼迪,英菲尼迪QX70,6,https://car.autohome.com.cn/price/series-3099.html
英菲尼迪,英菲尼迪QX80,2,https://car.autohome.com.cn/price/series-3100.html
英菲尼迪,英菲尼迪Q60,5,https://car.autohome.com.cn/price/series-3201.html
英菲尼迪,英菲尼迪QX50(进口),5,https://car.autohome.com.cn/price/series-3098.html
英菲尼迪,英菲尼迪G系 (停售),20,https://car.autohome.com.cn/price/series-383.html
英菲尼迪,英菲尼迪M系 (停售),13,https://car.autohome.com.cn/price/series-581.html
英菲尼迪,英菲尼迪EX (停售),15,https://car.autohome.com.cn/price/series-605.html
英菲尼迪,英菲尼迪FX (停售),23,https://car.autohome.com.cn/price/series-122.html
英菲尼迪,英菲尼迪JX (停售),2,https://car.autohome.com.cn/price/series-2400.html
英菲尼迪,英菲尼迪QX (停售),4,https://car.autohome.com.cn/price/series-416.html
英菲尼迪,英菲尼迪Q60S (停售),1,https://car.autohome.com.cn/price/series-3202.html
永源,永源五星,3,https://car.autohome.com.cn/price/series-2828.html
永源,猎鹰 (停售),15,https://car.autohome.com.cn/price/series-3087.html
永源,永源A380 (停售),64,https://car.autohome.com.cn/price/series-424.html
宇通客车,宇通CL6,2,https://car.autohome.com.cn/price/series-4909.html
宇通客车,宇通T7,6,https://car.autohome.com.cn/price/series-4484.html
驭胜,驭胜S350,78,https://car.autohome.com.cn/price/series-2228.html
驭胜,驭胜S330,9,https://car.autohome.com.cn/price/series-3777.html
御捷,御捷E驰 (停售),1,https://car.autohome.com.cn/price/series-4508.html
裕路,裕路EV2,2,https://car.autohome.com.cn/price/series-4574.html
云度,云度π1,8,https://car.autohome.com.cn/price/series-4320.html
云度,云度π3,7,https://car.autohome.com.cn/price/series-4321.html
云雀汽车,云雀Q1,4,https://car.autohome.com.cn/price/series-4670.html
之诺,之诺1E,1,https://car.autohome.com.cn/price/series-3237.html
之诺,之诺60H,1,https://car.autohome.com.cn/price/series-4146.html
知豆,知豆D2,8,https://car.autohome.com.cn/price/series-3827.html
知豆,知豆D3,3,https://car.autohome.com.cn/price/series-4597.html
知豆,知豆 (停售),1,https://car.autohome.com.cn/price/series-3497.html
知豆,知豆D1 (停售),2,https://car.autohome.com.cn/price/series-3706.html
中华,中华H230EV,2,https://car.autohome.com.cn/price/series-4309.html
中华,中华H3,6,https://car.autohome.com.cn/price/series-3878.html
中华,中华H530,25,https://car.autohome.com.cn/price/series-2323.html
中华,中华V3,35,https://car.autohome.com.cn/price/series-3530.html
中华,中华V5,27,https://car.autohome.com.cn/price/series-2294.html
中华,中华V6,8,https://car.autohome.com.cn/price/series-4498.html
中华,中华V7,11,https://car.autohome.com.cn/price/series-4503.html
中华,中华豚,3,https://car.autohome.com.cn/price/series-3289.html
中华,中华H220,6,https://car.autohome.com.cn/price/series-2999.html
中华,中华H230,6,https://car.autohome.com.cn/price/series-2770.html
中华,中华H330,5,https://car.autohome.com.cn/price/series-2998.html
中华,中华H320 (停售),4,https://car.autohome.com.cn/price/series-2857.html
中华,中华骏捷Cross (停售),12,https://car.autohome.com.cn/price/series-860.html
中华,中华骏捷FRV (停售),14,https://car.autohome.com.cn/price/series-523.html
中华,中华骏捷FSV (停售),23,https://car.autohome.com.cn/price/series-825.html
中华,中华骏捷 (停售),47,https://car.autohome.com.cn/price/series-411.html
中华,中华尊驰 (停售),49,https://car.autohome.com.cn/price/series-130.html
中华,中华酷宝 (停售),4,https://car.autohome.com.cn/price/series-490.html
中兴,中兴C3 (停售),3,https://car.autohome.com.cn/price/series-2658.html
中兴,中兴GX3 (停售),3,https://car.autohome.com.cn/price/series-3644.html
中兴,领主,60,https://car.autohome.com.cn/price/series-4178.html
中兴,威虎,66,https://car.autohome.com.cn/price/series-2519.html
中兴,小老虎,16,https://car.autohome.com.cn/price/series-3881.html
中兴,无限 (停售),2,https://car.autohome.com.cn/price/series-2850.html
中兴,无限V3 (停售),5,https://car.autohome.com.cn/price/series-627.html
中兴,无限V5 (停售),8,https://car.autohome.com.cn/price/series-2081.html
中兴,无限V7 (停售),2,https://car.autohome.com.cn/price/series-2143.html
中兴,昌铃 (停售),3,https://car.autohome.com.cn/price/series-2522.html
中兴,旗舰A9 (停售),4,https://car.autohome.com.cn/price/series-2613.html
中兴,威虎G3 (停售),21,https://car.autohome.com.cn/price/series-3215.html
众泰,云100,5,https://car.autohome.com.cn/price/series-3575.html
众泰,芝麻,4,https://car.autohome.com.cn/price/series-3779.html
众泰,众泰E200,4,https://car.autohome.com.cn/price/series-3529.html
众泰,众泰Z360,6,https://car.autohome.com.cn/price/series-4371.html
众泰,众泰Z500EV,2,https://car.autohome.com.cn/price/series-4327.html
众泰,众泰Z560,14,https://car.autohome.com.cn/price/series-4317.html
众泰,众泰Z700,14,https://car.autohome.com.cn/price/series-3627.html
众泰,众泰T300,24,https://car.autohome.com.cn/price/series-2333.html
众泰,众泰T300新能源,3,https://car.autohome.com.cn/price/series-4757.html
众泰,大迈X5,52,https://car.autohome.com.cn/price/series-3793.html
众泰,众泰SR7,25,https://car.autohome.com.cn/price/series-3899.html
众泰,众泰T500,10,https://car.autohome.com.cn/price/series-4417.html
众泰,大迈X7,22,https://car.autohome.com.cn/price/series-4092.html
众泰,众泰SR9,12,https://car.autohome.com.cn/price/series-4070.html
众泰,众泰T600,62,https://car.autohome.com.cn/price/series-2334.html
众泰,众泰T600 Coupe,11,https://car.autohome.com.cn/price/series-4385.html
众泰,众泰T700,18,https://car.autohome.com.cn/price/series-3852.html
众泰,众泰T800,10,https://car.autohome.com.cn/price/series-4737.html
众泰,众泰V10,6,https://car.autohome.com.cn/price/series-2480.html
众泰,江南T11 (停售),1,https://car.autohome.com.cn/price/series-4038.html
众泰,江南TT (停售),3,https://car.autohome.com.cn/price/series-2230.html
众泰,众泰Z100 (停售),3,https://car.autohome.com.cn/price/series-3002.html
众泰,众泰Z200 (停售),11,https://car.autohome.com.cn/price/series-2161.html
众泰,众泰Z200HB (停售),12,https://car.autohome.com.cn/price/series-2171.html
众泰,众泰Z300 (停售),27,https://car.autohome.com.cn/price/series-2337.html
众泰,众泰Z500 (停售),13,https://car.autohome.com.cn/price/series-3425.html
众泰,众泰2008 (停售),17,https://car.autohome.com.cn/price/series-558.html
众泰,众泰5008 (停售),16,https://car.autohome.com.cn/price/series-663.html
众泰,众泰T200 (停售),5,https://car.autohome.com.cn/price/series-2336.html
众泰,众泰M300 (停售),9,https://car.autohome.com.cn/price/series-708.html
